{
  "parameters": {
    "n": 4600,
    "K": 3,
    "a": 50,
    "b": 10,
    "epsilon": 0.2,
    "epsilon_threshold": -0.35941367960596377,
    "is_below": "False",
    "seed": 62
  },
  "results": {
    "PairSamplingObservation": {
      "observed_nodes": [
        0,
        4098,
        2051,
        2052,
        7,
        2057,
        4106,
        2062,
        4111,
        18,
        2066,
        2073,
        26,
        36,
        2086,
        39,
        2102,
        58,
        64,
        65,
        67,
        2116,
        4164,
        72,
        4174,
        4175,
        2127,
        4180,
        93,
        4192,
        2145,
        4199,
        2158,
        121,
        2174,
        4225,
        130,
        2179,
        4230,
        2185,
        2191,
        2196,
        2197,
        4246,
        152,
        4259,
        4260,
        2232,
        186,
        188,
        192,
        2243,
        4296,
        2264,
        4314,
        219,
        2273,
        4324,
        2278,
        4331,
        238,
        4337,
        2290,
        4341,
        2299,
        2305,
        4359,
        265,
        268,
        4366,
        2319,
        4378,
        2343,
        2349,
        302,
        2354,
        307,
        4405,
        310,
        2372,
        2373,
        328,
        2378,
        330,
        4428,
        4430,
        4436,
        2390,
        342,
        349,
        351,
        2399,
        2401,
        4452,
        2408,
        2411,
        4467,
        2420,
        4468,
        374,
        371,
        2425,
        381,
        383,
        2435,
        390,
        2443,
        396,
        2447,
        2460,
        417,
        4514,
        4518,
        2472,
        4523,
        432,
        4529,
        2483,
        2490,
        446,
        450,
        453,
        2508,
        463,
        472,
        2525,
        485,
        4592,
        4594,
        507,
        2557,
        2565,
        2568,
        2573,
        526,
        2574,
        543,
        2591,
        556,
        2608,
        2624,
        579,
        583,
        2632,
        591,
        2644,
        600,
        615,
        618,
        2673,
        2675,
        633,
        634,
        2686,
        2696,
        2697,
        2703,
        2704,
        657,
        664,
        669,
        678,
        2729,
        688,
        691,
        2741,
        2743,
        2745,
        698,
        2747,
        708,
        711,
        719,
        720,
        726,
        2776,
        2781,
        744,
        748,
        751,
        759,
        766,
        767,
        2815,
        772,
        2821,
        2825,
        786,
        798,
        801,
        2864,
        2882,
        2891,
        2897,
        858,
        869,
        879,
        2940,
        2941,
        893,
        2945,
        2948,
        2950,
        905,
        2954,
        2957,
        2962,
        2968,
        922,
        924,
        2982,
        2993,
        2994,
        946,
        2995,
        955,
        3007,
        3009,
        3013,
        966,
        980,
        981,
        3034,
        3040,
        994,
        3048,
        1004,
        3055,
        1009,
        3060,
        1013,
        3065,
        3068,
        1022,
        1027,
        1028,
        1032,
        1033,
        3089,
        1042,
        3090,
        3097,
        1052,
        1056,
        3114,
        1075,
        1080,
        1092,
        3140,
        1102,
        3151,
        1111,
        1112,
        3170,
        1128,
        3180,
        3187,
        1156,
        3207,
        1160,
        3211,
        1180,
        1184,
        3232,
        1187,
        3236,
        1195,
        1199,
        3254,
        1217,
        3267,
        1229,
        1233,
        3289,
        3295,
        1258,
        3307,
        3311,
        1268,
        3324,
        1287,
        1295,
        1300,
        3349,
        1303,
        3355,
        3357,
        1311,
        3371,
        3375,
        1327,
        1330,
        1342,
        1362,
        1367,
        3423,
        1385,
        1387,
        3440,
        1407,
        3460,
        1429,
        1432,
        3490,
        3497,
        3498,
        3506,
        1469,
        3517,
        3523,
        1476,
        1482,
        3531,
        3536,
        1491,
        3542,
        1496,
        1505,
        1508,
        1510,
        1512,
        3566,
        1519,
        1537,
        3594,
        1548,
        1551,
        1557,
        1558,
        3608,
        1565,
        3622,
        3623,
        1586,
        1595,
        3644,
        1597,
        3647,
        3653,
        1618,
        3676,
        3680,
        3686,
        3689,
        3700,
        1659,
        3715,
        3721,
        1677,
        3729,
        3741,
        3743,
        1700,
        1706,
        1710,
        3758,
        3760,
        1714,
        1721,
        3772,
        3778,
        3790,
        1758,
        3809,
        1768,
        3818,
        1773,
        3837,
        3839,
        3847,
        1802,
        3851,
        1804,
        3854,
        1811,
        1816,
        3866,
        3868,
        3869,
        1822,
        1824,
        1828,
        1841,
        1848,
        1852,
        3908,
        1865,
        1866,
        1872,
        3923,
        1885,
        3941,
        3946,
        1902,
        1915,
        1919,
        3968,
        1922,
        1929,
        3983,
        1943,
        1950,
        3999,
        1952,
        1956,
        1957,
        4006,
        4016,
        1974,
        1991,
        4045,
        4062,
        4072,
        2029,
        2030,
        2040
      ],
      "stats": {
        "accuracy": 0.35304347826086957,
        "num vertices": 4600,
        "num communities predicted": 3,
        "accuracy_0": 0.0,
        "accuracy_1": 0.11997405966277562,
        "accuracy_2": 0.9183152520740268,
        "perm_p": 1.0
      },
      "sub_stats": {
        "accuracy": 0.44711538461538464,
        "num vertices": 416,
        "num communities predicted": 2,
        "accuracy_0": 0.0,
        "accuracy_1": 1.0,
        "accuracy_2": 0.0078125,
        "perm_p": 1.0
      },
      "sub_preds": [
        2,
        2,
        2,
        2,
        2,
        2,
        2,
        2,
        2,
        2,
        2,
        2,
        2,
        2,
        2,
        2,
        2,
        2,
        2,
        2,
        2,
        2,
        2,
        2,
        2,
        2,
        2,
        2,
        2,
        2,
        2,
        2,
        2,
        2,
        2,
        2,
        2,
        2,
        2,
        2,
        2,
        2,
        2,
        2,
        2,
        2,
        2,
        2,
        2,
        2,
        2,
        2,
        2,
        2,
        2,
        2,
        2,
        2,
        2,
        2,
        2,
        2,
        2,
        2,
        2,
        2,
        2,
        2,
        2,
        2,
        2,
        2,
        2,
        2,
        2,
        2,
        2,
        2,
        2,
        2,
        2,
        2,
        2,
        2,
        2,
        2,
        2,
        2,
        2,
        2,
        2,
        2,
        2,
        2,
        2,
        2,
        2,
        2,
        2,
        2,
        2,
        2,
        2,
        2,
        2,
        2,
        2,
        2,
        2,
        2,
        2,
        2,
        2,
        2,
        2,
        2,
        2,
        2,
        2,
        2,
        2,
        2,
        2,
        2,
        2,
        2,
        2,
        2,
        2,
        2,
        2,
        2,
        2,
        2,
        2,
        2,
        2,
        2,
        2,
        1,
        2,
        2,
        2,
        2,
        2,
        2,
        2,
        2,
        2,
        2,
        2,
        2,
        2,
        2,
        2,
        2,
        2,
        2,
        2,
        2,
        2,
        2,
        2,
        2,
        2,
        2,
        2,
        2,
        2,
        2,
        2,
        2,
        2,
        2,
        2,
        2,
        2,
        2,
        2,
        2,
        2,
        2,
        2,
        2,
        2,
        2,
        2,
        2,
        2,
        2,
        2,
        2,
        2,
        2,
        2,
        2,
        2,
        2,
        2,
        2,
        2,
        2,
        2,
        2,
        2,
        2,
        2,
        2,
        2,
        2,
        2,
        2,
        2,
        2,
        2,
        2,
        2,
        2,
        2,
        2,
        2,
        2,
        2,
        2,
        2,
        2,
        2,
        2,
        2,
        2,
        2,
        2,
        2,
        2,
        2,
        2,
        2,
        2,
        2,
        2,
        2,
        2,
        2,
        2,
        2,
        2,
        2,
        2,
        2,
        2,
        2,
        2,
        2,
        2,
        2,
        2,
        2,
        2,
        2,
        2,
        2,
        2,
        2,
        2,
        2,
        2,
        2,
        2,
        2,
        2,
        2,
        2,
        2,
        2,
        2,
        2,
        2,
        2,
        2,
        2,
        2,
        2,
        2,
        2,
        2,
        2,
        2,
        2,
        2,
        2,
        2,
        2,
        2,
        2,
        2,
        2,
        2,
        2,
        2,
        2,
        2,
        2,
        2,
        2,
        2,
        2,
        2,
        2,
        2,
        2,
        2,
        2,
        2,
        2,
        2,
        2,
        2,
        2,
        2,
        2,
        2,
        2,
        2,
        2,
        2,
        2,
        2,
        2,
        2,
        2,
        2,
        2,
        2,
        2,
        2,
        2,
        2,
        2,
        2,
        2,
        2,
        2,
        2,
        2,
        2,
        2,
        2,
        2,
        2,
        2,
        2,
        2,
        2,
        2,
        2,
        2,
        2,
        2,
        2,
        2,
        2,
        2,
        2,
        2,
        2,
        2,
        2,
        2,
        2,
        2,
        2,
        2,
        2,
        2,
        2,
        2,
        2,
        2,
        2,
        2,
        2,
        2,
        2,
        2,
        2,
        2,
        2,
        2,
        2,
        2,
        2,
        2,
        2,
        2,
        2,
        2,
        2,
        2,
        2,
        2,
        2,
        2,
        2,
        2,
        2,
        2,
        2,
        2,
        2,
        2,
        2,
        2,
        2,
        2,
        2,
        2
      ],
      "sub_cluster_map": [
        1,
        2,
        0,
        1,
        0,
        0,
        0,
        2,
        2,
        1,
        1,
        0,
        1,
        0,
        0,
        1,
        1,
        0,
        0,
        2,
        1,
        0,
        0,
        0,
        0,
        2,
        1,
        0,
        1,
        2,
        2,
        1,
        1,
        0,
        2,
        0,
        0,
        2,
        1,
        2,
        2,
        2,
        0,
        1,
        2,
        0,
        2,
        2,
        0,
        1,
        0,
        1,
        1,
        0,
        1,
        2,
        1,
        2,
        0,
        1,
        1,
        2,
        1,
        2,
        1,
        1,
        1,
        2,
        1,
        1,
        1,
        0,
        0,
        2,
        2,
        2,
        0,
        0,
        2,
        1,
        1,
        2,
        1,
        0,
        2,
        1,
        1,
        1,
        0,
        0,
        1,
        0,
        2,
        0,
        1,
        2,
        1,
        2,
        1,
        1,
        1,
        2,
        2,
        0,
        1,
        2,
        0,
        0,
        1,
        0,
        1,
        2,
        1,
        1,
        0,
        1,
        2,
        0,
        2,
        1,
        1,
        1,
        1,
        1,
        1,
        1,
        0,
        0,
        1,
        2,
        2,
        2,
        1,
        2,
        1,
        1,
        2,
        2,
        2,
        2,
        1,
        1,
        2,
        2,
        1,
        1,
        1,
        1,
        2,
        1,
        1,
        1,
        0,
        2,
        1,
        0,
        1,
        1,
        1,
        1,
        0,
        1,
        1,
        1,
        0,
        0,
        2,
        0,
        2,
        1,
        2,
        2,
        1,
        0,
        1,
        2,
        2,
        1,
        2,
        1,
        1,
        1,
        2,
        1,
        1,
        0,
        1,
        2,
        0,
        1,
        1,
        1,
        2,
        0,
        0,
        1,
        2,
        2,
        1,
        0,
        1,
        1,
        1,
        1,
        1,
        2,
        1,
        0,
        0,
        0,
        1,
        0,
        2,
        2,
        2,
        2,
        0,
        1,
        1,
        1,
        2,
        0,
        1,
        1,
        1,
        1,
        1,
        1,
        1,
        0,
        1,
        2,
        2,
        2,
        1,
        2,
        1,
        2,
        2,
        0,
        2,
        2,
        2,
        2,
        1,
        0,
        1,
        0,
        2,
        1,
        1,
        1,
        0,
        2,
        1,
        0,
        2,
        0,
        2,
        1,
        2,
        2,
        1,
        2,
        0,
        0,
        1,
        1,
        1,
        0,
        2,
        1,
        1,
        0,
        2,
        0,
        2,
        0,
        2,
        2,
        1,
        1,
        2,
        1,
        0,
        1,
        0,
        0,
        1,
        2,
        0,
        2,
        1,
        0,
        2,
        1,
        2,
        1,
        1,
        1,
        1,
        2,
        1,
        1,
        1,
        1,
        1,
        2,
        0,
        1,
        1,
        2,
        2,
        1,
        1,
        1,
        2,
        1,
        0,
        0,
        1,
        1,
        2,
        0,
        2,
        0,
        0,
        0,
        2,
        1,
        0,
        2,
        1,
        1,
        1,
        2,
        1,
        2,
        2,
        2,
        2,
        1,
        0,
        1,
        0,
        2,
        2,
        0,
        0,
        2,
        1,
        1,
        0,
        2,
        1,
        1,
        2,
        1,
        1,
        1,
        0,
        0,
        1,
        2,
        1,
        2,
        2,
        0,
        2,
        2,
        0,
        2,
        1,
        0,
        0,
        2,
        0,
        1,
        1,
        2,
        2,
        1,
        0,
        2,
        1,
        1,
        1,
        2,
        2,
        2,
        1,
        1,
        1,
        2,
        1,
        1,
        1,
        1,
        0,
        0,
        0,
        0,
        1,
        0,
        1,
        2,
        0,
        1,
        1,
        1,
        1,
        2,
        1,
        2,
        1,
        1
      ],
      "sparsity": 2.1472801118583127e-05
    }
  }
}