{
  "parameters": {
    "n": 200,
    "K": 4,
    "a": 500,
    "b": 80,
    "epsilon": 0.16,
    "epsilon_threshold": 0.23280634845423784,
    "is_below": "True",
    "seed": 75
  },
  "results": {
    "PairSamplingObservation": {
      "observed_nodes": [
        0,
        1,
        2,
        3,
        4,
        5,
        6,
        7,
        8,
        9,
        10,
        11,
        12,
        13,
        14,
        15,
        16,
        17,
        18,
        19,
        20,
        21,
        22,
        23,
        24,
        25,
        26,
        27,
        28,
        29,
        30,
        31,
        32,
        33,
        34,
        35,
        36,
        37,
        38,
        39,
        40,
        41,
        42,
        43,
        44,
        45,
        46,
        47,
        48,
        49,
        50,
        51,
        52,
        53,
        54,
        55,
        56,
        57,
        58,
        59,
        60,
        61,
        62,
        63,
        64,
        65,
        66,
        67,
        68,
        69,
        70,
        71,
        72,
        73,
        74,
        75,
        76,
        77,
        78,
        79,
        80,
        81,
        82,
        83,
        84,
        85,
        87,
        88,
        89,
        90,
        91,
        92,
        93,
        94,
        95,
        96,
        98,
        99,
        100,
        101,
        102,
        103,
        104,
        105,
        106,
        108,
        109,
        110,
        111,
        112,
        113,
        114,
        115,
        116,
        117,
        118,
        119,
        120,
        121,
        122,
        123,
        124,
        125,
        126,
        127,
        128,
        129,
        130,
        131,
        132,
        133,
        134,
        135,
        136,
        137,
        138,
        139,
        140,
        141,
        142,
        143,
        144,
        145,
        146,
        147,
        148,
        149,
        150,
        151,
        152,
        153,
        154,
        155,
        156,
        157,
        159,
        160,
        161,
        162,
        163,
        164,
        165,
        166,
        167,
        168,
        169,
        170,
        171,
        172,
        173,
        174,
        175,
        176,
        177,
        178,
        179,
        180,
        181,
        182,
        184,
        185,
        186,
        187,
        188,
        189,
        190,
        191,
        192,
        193,
        194,
        195,
        196,
        197,
        198,
        199
      ],
      "stats": {
        "accuracy": 0.99,
        "num vertices": 200,
        "num communities predicted": 4,
        "accuracy_0": 1.0,
        "accuracy_1": 1.0,
        "accuracy_2": 0.9787234042553191,
        "accuracy_3": 0.9821428571428571,
        "perm_p": 9.999000099990002e-05
      },
      "sub_stats": {
        "accuracy": 1.0,
        "num vertices": 195,
        "num communities predicted": 4,
        "accuracy_0": 1.0,
        "accuracy_1": 1.0,
        "accuracy_2": 1.0,
        "accuracy_3": 1.0,
        "perm_p": 9.999000099990002e-05
      },
      "sub_preds": [
        2,
        3,
        2,
        0,
        2,
        2,
        1,
        0,
        1,
        1,
        1,
        2,
        3,
        3,
        1,
        2,
        3,
        3,
        1,
        2,
        1,
        3,
        1,
        3,
        0,
        0,
        0,
        0,
        2,
        1,
        3,
        1,
        0,
        1,
        2,
        3,
        0,
        2,
        1,
        3,
        1,
        3,
        1,
        0,
        1,
        2,
        0,
        1,
        0,
        0,
        2,
        3,
        2,
        3,
        3,
        2,
        0,
        2,
        3,
        0,
        3,
        1,
        2,
        3,
        3,
        1,
        0,
        2,
        2,
        1,
        3,
        3,
        1,
        1,
        2,
        3,
        0,
        0,
        1,
        1,
        3,
        2,
        2,
        0,
        2,
        3,
        2,
        1,
        3,
        0,
        1,
        0,
        3,
        2,
        2,
        1,
        1,
        1,
        3,
        3,
        1,
        0,
        0,
        1,
        1,
        2,
        2,
        2,
        3,
        0,
        0,
        0,
        1,
        2,
        1,
        2,
        0,
        3,
        3,
        3,
        3,
        0,
        2,
        0,
        3,
        3,
        1,
        0,
        2,
        3,
        3,
        3,
        2,
        3,
        3,
        1,
        0,
        1,
        2,
        1,
        2,
        0,
        3,
        2,
        1,
        3,
        1,
        2,
        1,
        2,
        0,
        0,
        1,
        0,
        2,
        3,
        0,
        3,
        3,
        3,
        1,
        3,
        2,
        3,
        1,
        1,
        2,
        3,
        1,
        1,
        3,
        2,
        3,
        1,
        2,
        3,
        3,
        3,
        2,
        1,
        1,
        1,
        0,
        3,
        1,
        1,
        0,
        0,
        1,
        1,
        0,
        3,
        2,
        2,
        0
      ],
      "sub_cluster_map": [
        2,
        3,
        2,
        0,
        2,
        2,
        1,
        0,
        1,
        1,
        1,
        2,
        3,
        3,
        1,
        2,
        3,
        3,
        1,
        2,
        1,
        3,
        1,
        3,
        0,
        0,
        0,
        0,
        2,
        1,
        3,
        1,
        0,
        1,
        2,
        3,
        0,
        2,
        1,
        3,
        1,
        3,
        1,
        0,
        1,
        2,
        0,
        1,
        0,
        0,
        2,
        3,
        2,
        3,
        3,
        2,
        0,
        2,
        3,
        0,
        3,
        1,
        2,
        3,
        3,
        1,
        0,
        2,
        2,
        1,
        3,
        3,
        1,
        1,
        2,
        3,
        0,
        0,
        1,
        1,
        3,
        2,
        2,
        0,
        2,
        3,
        2,
        1,
        3,
        0,
        1,
        0,
        3,
        2,
        2,
        1,
        1,
        1,
        3,
        3,
        1,
        0,
        0,
        1,
        1,
        2,
        2,
        2,
        3,
        0,
        0,
        0,
        1,
        2,
        1,
        2,
        0,
        3,
        3,
        3,
        3,
        0,
        2,
        0,
        3,
        3,
        1,
        0,
        2,
        3,
        3,
        3,
        2,
        3,
        3,
        1,
        0,
        1,
        2,
        1,
        2,
        0,
        3,
        2,
        1,
        3,
        1,
        2,
        1,
        2,
        0,
        0,
        1,
        0,
        2,
        3,
        0,
        3,
        3,
        3,
        1,
        3,
        2,
        3,
        1,
        1,
        2,
        3,
        1,
        1,
        3,
        2,
        3,
        1,
        2,
        3,
        3,
        3,
        2,
        1,
        1,
        1,
        0,
        3,
        1,
        1,
        0,
        0,
        1,
        1,
        0,
        3,
        2,
        2,
        0
      ],
      "sparsity": 0.0004651866801210898
    }
  }
}