{
  "parameters": {
    "n": 3900,
    "K": 3,
    "a": 50,
    "b": 10,
    "epsilon": 0.19999999999999998,
    "epsilon_threshold": -0.34987932988877113,
    "is_below": "False",
    "seed": 50
  },
  "results": {
    "PairSamplingObservation": {
      "observed_nodes": [
        2049,
        2,
        2051,
        2053,
        2057,
        2058,
        12,
        2061,
        17,
        23,
        25,
        26,
        29,
        2080,
        40,
        52,
        54,
        58,
        62,
        67,
        70,
        74,
        79,
        85,
        2138,
        94,
        95,
        99,
        2154,
        108,
        2157,
        109,
        113,
        2162,
        2163,
        2167,
        121,
        2170,
        123,
        2179,
        135,
        138,
        148,
        2196,
        2201,
        2202,
        166,
        2215,
        168,
        169,
        2217,
        2228,
        2229,
        2238,
        199,
        206,
        209,
        2259,
        216,
        2270,
        223,
        224,
        2276,
        229,
        2279,
        2282,
        234,
        2286,
        240,
        2289,
        2290,
        244,
        2295,
        2301,
        259,
        2309,
        261,
        2310,
        263,
        267,
        2315,
        270,
        2322,
        2323,
        2325,
        277,
        279,
        282,
        289,
        2339,
        293,
        2342,
        2345,
        2349,
        2358,
        2359,
        315,
        319,
        2373,
        2374,
        326,
        338,
        2388,
        2399,
        362,
        370,
        372,
        374,
        2428,
        383,
        2431,
        388,
        2446,
        2447,
        2448,
        2455,
        409,
        2459,
        412,
        2469,
        422,
        421,
        2485,
        2492,
        2494,
        2500,
        2506,
        460,
        461,
        2509,
        465,
        2514,
        466,
        2519,
        2520,
        473,
        2522,
        483,
        488,
        2540,
        2544,
        501,
        502,
        507,
        2556,
        515,
        520,
        2570,
        2571,
        526,
        2583,
        536,
        535,
        538,
        540,
        2592,
        2597,
        2599,
        2601,
        2603,
        2606,
        2625,
        577,
        586,
        589,
        591,
        2644,
        2655,
        607,
        619,
        2672,
        630,
        632,
        2682,
        635,
        636,
        2685,
        651,
        652,
        653,
        655,
        2706,
        659,
        2715,
        680,
        685,
        2738,
        2740,
        694,
        697,
        702,
        2753,
        2755,
        708,
        2768,
        726,
        2774,
        2779,
        736,
        741,
        2795,
        2800,
        2804,
        759,
        2811,
        2812,
        765,
        2817,
        2818,
        775,
        778,
        2832,
        784,
        2840,
        2841,
        2843,
        797,
        2848,
        2850,
        805,
        806,
        811,
        818,
        822,
        2890,
        844,
        847,
        2910,
        865,
        2918,
        880,
        884,
        2939,
        898,
        2958,
        2964,
        923,
        2977,
        931,
        943,
        2997,
        953,
        3002,
        957,
        3006,
        963,
        971,
        978,
        981,
        3032,
        991,
        3043,
        997,
        3049,
        3057,
        1022,
        3074,
        1030,
        1034,
        3090,
        3091,
        3099,
        3100,
        3106,
        3109,
        3110,
        3115,
        3120,
        3122,
        3126,
        1080,
        3134,
        1087,
        1092,
        1094,
        1095,
        3145,
        3147,
        3148,
        1104,
        3152,
        3155,
        3157,
        1114,
        3166,
        3168,
        1120,
        3171,
        3178,
        3186,
        3188,
        1140,
        3190,
        1144,
        3193,
        1151,
        3203,
        3210,
        3211,
        3212,
        1165,
        3218,
        3220,
        3224,
        1184,
        3234,
        3240,
        1194,
        3248,
        3249,
        1202,
        1207,
        1211,
        3259,
        3260,
        1216,
        1223,
        3277,
        1232,
        1247,
        3296,
        3299,
        1252,
        1251,
        3303,
        1262,
        3317,
        1276,
        3326,
        1280,
        3331,
        1303,
        3357,
        1311,
        3366,
        3369,
        1336,
        1339,
        1341,
        1342,
        3392,
        1349,
        1351,
        3399,
        1356,
        1360,
        1362,
        1373,
        3426,
        3427,
        3433,
        3439,
        3444,
        1399,
        1406,
        3454,
        3457,
        3460,
        1415,
        3465,
        1420,
        3474,
        1427,
        1429,
        3480,
        3484,
        1440,
        3490,
        1446,
        3495,
        3494,
        3498,
        3501,
        1454,
        1456,
        3505,
        3512,
        1481,
        1487,
        3536,
        3552,
        3553,
        3555,
        3559,
        3568,
        1520,
        3569,
        1544,
        1545,
        1546,
        1548,
        3601,
        3602,
        3605,
        1562,
        3612,
        1568,
        3618,
        3620,
        1577,
        1584,
        1585,
        3642,
        1601,
        3651,
        1620,
        3678,
        1630,
        3680,
        1634,
        1637,
        1651,
        3704,
        1668,
        1676,
        3725,
        1678,
        1683,
        3741,
        1696,
        1699,
        1701,
        1708,
        1710,
        1713,
        3776,
        3778,
        1744,
        3798,
        3799,
        1750,
        3801,
        1767,
        3817,
        1774,
        1776,
        3826,
        3831,
        1784,
        1783,
        1787,
        1789,
        3839,
        1800,
        1802,
        3851,
        1806,
        1810,
        1811,
        3878,
        1832,
        3889,
        1842,
        1845,
        1851,
        1866,
        1870,
        1878,
        1879,
        1902,
        1915,
        1923,
        1931,
        1940,
        1942,
        1965,
        1966,
        1967,
        1968,
        1969,
        1971,
        1979,
        1980,
        2001,
        2003,
        2017,
        2028
      ],
      "stats": {
        "accuracy": 0.3466666666666667,
        "num vertices": 3900,
        "num communities predicted": 3,
        "accuracy_0": 0.9072741806554756,
        "accuracy_1": 0.0,
        "accuracy_2": 0.15781818181818183,
        "perm_p": 1.0
      },
      "sub_stats": {
        "accuracy": 0.4549266247379455,
        "num vertices": 477,
        "num communities predicted": 2,
        "accuracy_0": 0.0,
        "accuracy_1": 0.0,
        "accuracy_2": 0.9863636363636363,
        "perm_p": 1.0
      },
      "sub_preds": [
        1,
        1,
        1,
        1,
        1,
        1,
        1,
        1,
        1,
        1,
        1,
        1,
        1,
        1,
        1,
        1,
        1,
        1,
        1,
        1,
        2,
        1,
        1,
        1,
        1,
        1,
        1,
        1,
        1,
        1,
        1,
        1,
        1,
        1,
        1,
        1,
        1,
        1,
        1,
        1,
        1,
        1,
        1,
        1,
        1,
        1,
        1,
        1,
        1,
        1,
        1,
        1,
        1,
        1,
        1,
        1,
        1,
        1,
        1,
        1,
        1,
        1,
        2,
        1,
        1,
        1,
        1,
        1,
        1,
        1,
        1,
        1,
        1,
        1,
        1,
        1,
        1,
        1,
        1,
        1,
        1,
        1,
        1,
        1,
        1,
        1,
        1,
        1,
        1,
        1,
        1,
        1,
        1,
        1,
        1,
        1,
        1,
        1,
        1,
        1,
        1,
        1,
        1,
        1,
        1,
        1,
        1,
        1,
        1,
        1,
        1,
        1,
        1,
        1,
        1,
        1,
        1,
        1,
        1,
        1,
        1,
        1,
        1,
        1,
        1,
        1,
        1,
        1,
        1,
        1,
        1,
        1,
        1,
        1,
        1,
        1,
        1,
        1,
        1,
        1,
        1,
        1,
        1,
        1,
        1,
        1,
        1,
        1,
        1,
        1,
        1,
        1,
        1,
        1,
        1,
        1,
        1,
        1,
        1,
        1,
        1,
        1,
        1,
        1,
        1,
        1,
        1,
        1,
        1,
        1,
        1,
        1,
        1,
        1,
        1,
        1,
        1,
        1,
        1,
        1,
        1,
        1,
        1,
        1,
        1,
        1,
        1,
        1,
        1,
        1,
        1,
        1,
        1,
        1,
        1,
        1,
        1,
        1,
        1,
        1,
        1,
        1,
        1,
        1,
        1,
        1,
        1,
        1,
        1,
        1,
        1,
        1,
        1,
        1,
        1,
        1,
        1,
        1,
        1,
        1,
        1,
        1,
        1,
        1,
        1,
        1,
        1,
        1,
        1,
        1,
        1,
        1,
        1,
        1,
        1,
        1,
        1,
        1,
        1,
        1,
        1,
        1,
        1,
        1,
        1,
        1,
        1,
        1,
        1,
        1,
        1,
        1,
        1,
        1,
        1,
        1,
        1,
        1,
        1,
        1,
        1,
        1,
        1,
        1,
        1,
        1,
        1,
        1,
        1,
        1,
        1,
        1,
        1,
        1,
        1,
        1,
        1,
        1,
        1,
        1,
        1,
        1,
        1,
        1,
        1,
        1,
        1,
        1,
        1,
        1,
        1,
        1,
        1,
        1,
        1,
        1,
        1,
        1,
        1,
        1,
        1,
        1,
        1,
        1,
        1,
        1,
        1,
        1,
        1,
        1,
        1,
        1,
        1,
        1,
        1,
        1,
        1,
        1,
        1,
        1,
        1,
        1,
        1,
        1,
        1,
        1,
        1,
        1,
        1,
        1,
        1,
        1,
        1,
        1,
        1,
        1,
        1,
        1,
        1,
        2,
        1,
        1,
        1,
        1,
        1,
        1,
        1,
        1,
        1,
        1,
        1,
        1,
        1,
        1,
        1,
        1,
        1,
        1,
        1,
        1,
        1,
        1,
        1,
        1,
        1,
        1,
        1,
        1,
        1,
        1,
        1,
        1,
        1,
        1,
        1,
        1,
        1,
        1,
        1,
        1,
        1,
        1,
        1,
        1,
        1,
        1,
        1,
        1,
        1,
        1,
        1,
        1,
        1,
        1,
        1,
        1,
        1,
        1,
        1,
        1,
        1,
        1,
        1,
        1,
        1,
        1,
        1,
        1,
        1,
        1,
        1,
        1,
        1,
        1,
        1,
        1,
        1,
        1,
        1,
        1,
        1,
        1,
        1,
        1,
        1,
        1,
        1,
        1,
        1,
        1,
        1,
        1,
        1,
        1,
        1,
        1,
        1,
        1,
        1,
        1,
        1,
        1,
        1,
        1,
        1,
        1,
        1,
        1,
        1,
        1,
        1,
        1,
        1,
        1,
        1,
        1,
        1,
        1,
        1,
        1,
        1,
        1,
        1,
        1,
        1,
        1,
        1,
        1,
        1,
        1,
        1,
        1,
        1,
        1,
        1,
        1,
        1
      ],
      "sub_cluster_map": [
        2,
        2,
        2,
        0,
        1,
        1,
        2,
        2,
        0,
        0,
        2,
        2,
        2,
        1,
        0,
        2,
        2,
        2,
        1,
        0,
        2,
        0,
        2,
        2,
        1,
        1,
        0,
        2,
        2,
        0,
        1,
        0,
        1,
        2,
        2,
        2,
        1,
        2,
        2,
        1,
        2,
        2,
        2,
        1,
        2,
        0,
        1,
        1,
        1,
        1,
        1,
        0,
        2,
        1,
        2,
        0,
        2,
        1,
        2,
        2,
        1,
        0,
        2,
        0,
        1,
        2,
        2,
        0,
        2,
        2,
        0,
        0,
        2,
        2,
        2,
        2,
        2,
        2,
        2,
        1,
        0,
        2,
        2,
        2,
        1,
        2,
        2,
        2,
        2,
        0,
        1,
        0,
        0,
        1,
        1,
        2,
        1,
        1,
        0,
        2,
        1,
        2,
        2,
        2,
        2,
        2,
        2,
        2,
        2,
        2,
        2,
        2,
        2,
        2,
        0,
        1,
        2,
        1,
        1,
        2,
        2,
        1,
        0,
        2,
        2,
        1,
        0,
        2,
        1,
        1,
        1,
        1,
        0,
        2,
        2,
        2,
        2,
        1,
        2,
        1,
        0,
        1,
        2,
        2,
        2,
        2,
        2,
        0,
        1,
        0,
        1,
        2,
        2,
        0,
        0,
        0,
        2,
        1,
        0,
        1,
        0,
        2,
        1,
        0,
        0,
        2,
        2,
        0,
        2,
        0,
        2,
        1,
        2,
        2,
        2,
        0,
        0,
        0,
        2,
        0,
        0,
        1,
        0,
        2,
        1,
        0,
        0,
        2,
        1,
        2,
        0,
        0,
        0,
        2,
        2,
        0,
        2,
        0,
        2,
        2,
        1,
        0,
        2,
        2,
        0,
        0,
        2,
        2,
        2,
        0,
        1,
        2,
        2,
        0,
        1,
        1,
        0,
        1,
        2,
        1,
        2,
        2,
        2,
        0,
        2,
        1,
        1,
        2,
        2,
        1,
        1,
        2,
        1,
        1,
        0,
        2,
        2,
        1,
        2,
        2,
        0,
        2,
        1,
        2,
        2,
        2,
        1,
        1,
        2,
        2,
        1,
        1,
        0,
        2,
        0,
        2,
        1,
        1,
        1,
        1,
        2,
        2,
        2,
        0,
        1,
        2,
        1,
        1,
        0,
        2,
        2,
        0,
        0,
        2,
        1,
        1,
        1,
        2,
        2,
        2,
        2,
        0,
        1,
        0,
        0,
        2,
        1,
        1,
        1,
        0,
        2,
        2,
        2,
        2,
        2,
        2,
        2,
        2,
        1,
        1,
        0,
        2,
        1,
        1,
        1,
        1,
        1,
        1,
        2,
        2,
        2,
        0,
        2,
        2,
        1,
        1,
        1,
        2,
        0,
        1,
        1,
        2,
        1,
        1,
        2,
        2,
        2,
        0,
        0,
        1,
        1,
        2,
        2,
        2,
        1,
        1,
        2,
        0,
        0,
        2,
        0,
        0,
        2,
        2,
        0,
        0,
        1,
        2,
        0,
        2,
        1,
        1,
        0,
        1,
        1,
        0,
        1,
        0,
        0,
        2,
        0,
        2,
        2,
        2,
        2,
        2,
        1,
        0,
        2,
        1,
        1,
        1,
        2,
        2,
        2,
        0,
        1,
        1,
        0,
        2,
        2,
        0,
        0,
        1,
        2,
        2,
        2,
        1,
        1,
        0,
        1,
        2,
        2,
        0,
        1,
        2,
        0,
        0,
        2,
        0,
        2,
        0,
        0,
        2,
        0,
        2,
        1,
        0,
        1,
        2,
        1,
        1,
        0,
        1,
        2,
        2,
        2,
        2,
        1,
        1,
        2,
        1,
        1,
        2,
        2,
        2,
        1,
        1,
        2,
        2,
        2,
        1,
        2,
        1,
        2,
        0,
        1,
        2,
        1,
        0,
        0,
        2,
        0,
        2,
        1,
        1,
        2,
        0,
        2,
        2,
        0,
        1,
        2,
        0,
        2,
        1,
        1,
        2,
        2,
        2,
        2,
        2,
        1,
        1,
        0,
        0,
        0,
        2,
        0,
        2,
        0,
        0,
        1,
        2,
        1,
        0,
        2
      ],
      "sparsity": 2.559719482796406e-05
    }
  }
}