{
  "parameters": {
    "n": 4400,
    "K": 4,
    "a": 50,
    "b": 10,
    "epsilon": 0.19999999999999998,
    "epsilon_threshold": -0.2518473008024893,
    "is_below": "False",
    "seed": 5
  },
  "results": {
    "PairSamplingObservation": {
      "observed_nodes": [
        0,
        1,
        2050,
        4099,
        4097,
        2054,
        11,
        4113,
        4117,
        2070,
        4128,
        4131,
        2084,
        4139,
        2096,
        2097,
        4151,
        4156,
        87,
        90,
        4190,
        2143,
        95,
        4197,
        4201,
        115,
        4219,
        123,
        2171,
        2178,
        4227,
        140,
        2195,
        148,
        152,
        153,
        4250,
        2200,
        2204,
        159,
        2210,
        171,
        2223,
        4272,
        175,
        2227,
        2229,
        4277,
        4279,
        2236,
        4291,
        2248,
        208,
        218,
        2266,
        4317,
        4322,
        2274,
        4341,
        245,
        4343,
        2303,
        4351,
        4356,
        2309,
        4366,
        277,
        4377,
        4378,
        283,
        2333,
        4384,
        290,
        2343,
        2350,
        303,
        4398,
        320,
        2371,
        325,
        329,
        342,
        345,
        2404,
        2407,
        2414,
        379,
        383,
        396,
        2450,
        2453,
        407,
        412,
        438,
        2490,
        2500,
        459,
        2508,
        464,
        2516,
        2519,
        473,
        2525,
        2527,
        2529,
        482,
        486,
        2545,
        507,
        2560,
        2563,
        515,
        2566,
        2573,
        536,
        544,
        545,
        2596,
        552,
        2602,
        2603,
        572,
        2625,
        581,
        2634,
        589,
        2642,
        2657,
        2665,
        2675,
        2678,
        2680,
        2692,
        2693,
        646,
        649,
        2723,
        2730,
        701,
        707,
        709,
        2769,
        2773,
        732,
        738,
        2794,
        758,
        2815,
        768,
        788,
        2837,
        789,
        793,
        796,
        2846,
        2848,
        801,
        800,
        805,
        810,
        816,
        2866,
        2876,
        2889,
        2901,
        857,
        861,
        864,
        2916,
        868,
        2918,
        875,
        2924,
        878,
        883,
        2932,
        884,
        894,
        2948,
        913,
        2981,
        937,
        2992,
        3004,
        963,
        3023,
        3033,
        3039,
        992,
        3041,
        1016,
        1036,
        1042,
        1046,
        1049,
        3098,
        1051,
        1052,
        1056,
        1063,
        1068,
        3122,
        1074,
        1076,
        1083,
        1085,
        1088,
        3140,
        1097,
        3147,
        1101,
        1104,
        3157,
        1113,
        1117,
        1120,
        3171,
        3173,
        1131,
        1134,
        3191,
        3197,
        1168,
        3222,
        3226,
        1180,
        3233,
        3242,
        3246,
        3252,
        3254,
        1216,
        1219,
        1235,
        1246,
        3296,
        3297,
        3301,
        3308,
        1261,
        1263,
        3324,
        1283,
        1287,
        3342,
        1294,
        1298,
        3394,
        1348,
        3401,
        3402,
        3403,
        1358,
        3414,
        3425,
        1384,
        1386,
        1393,
        3457,
        1412,
        1415,
        1419,
        3478,
        1439,
        3491,
        3502,
        3505,
        3506,
        3523,
        1491,
        3539,
        3547,
        3582,
        1534,
        3584,
        1540,
        1542,
        1549,
        3598,
        3610,
        1572,
        3623,
        3628,
        3629,
        3631,
        3643,
        1612,
        3661,
        3670,
        1624,
        1629,
        3679,
        1646,
        3697,
        1654,
        3709,
        3714,
        1670,
        1680,
        1715,
        3766,
        3779,
        3782,
        3786,
        1738,
        3796,
        1749,
        1750,
        3805,
        3806,
        3808,
        3814,
        3817,
        1783,
        3832,
        3839,
        3840,
        1794,
        3846,
        1806,
        3858,
        1811,
        1829,
        1830,
        3882,
        1846,
        3912,
        3913,
        1868,
        3923,
        1875,
        1879,
        3928,
        1893,
        3956,
        1921,
        3975,
        1930,
        3980,
        3981,
        3990,
        4003,
        1956,
        4004,
        1961,
        4010,
        4013,
        1968,
        4032,
        4033,
        4035,
        1991,
        1998,
        4052,
        2014,
        4066,
        2019,
        4069,
        4081,
        2036,
        2038,
        2044
      ],
      "stats": {
        "accuracy": 0.2611363636363636,
        "num vertices": 4400,
        "num communities predicted": 2,
        "accuracy_0": 0.9183494293239683,
        "accuracy_1": 0.0,
        "accuracy_2": 0.09414990859232175,
        "accuracy_3": 0.0,
        "perm_p": 1.0
      },
      "sub_stats": {
        "accuracy": 0.2845303867403315,
        "num vertices": 362,
        "num communities predicted": 1,
        "accuracy_0": 0.0,
        "accuracy_1": 0.0,
        "accuracy_2": 1.0,
        "accuracy_3": 0.0,
        "perm_p": 1.0
      },
      "sub_preds": [
        1,
        1,
        1,
        1,
        1,
        1,
        1,
        1,
        1,
        1,
        1,
        1,
        1,
        1,
        1,
        1,
        1,
        1,
        1,
        1,
        1,
        1,
        1,
        1,
        1,
        1,
        1,
        1,
        1,
        1,
        1,
        1,
        1,
        1,
        1,
        1,
        1,
        1,
        1,
        1,
        1,
        1,
        1,
        1,
        1,
        1,
        1,
        1,
        1,
        1,
        1,
        1,
        1,
        1,
        1,
        1,
        1,
        1,
        1,
        1,
        1,
        1,
        1,
        1,
        1,
        1,
        1,
        1,
        1,
        1,
        1,
        1,
        1,
        1,
        1,
        1,
        1,
        1,
        1,
        1,
        1,
        1,
        1,
        1,
        1,
        1,
        1,
        1,
        1,
        1,
        1,
        1,
        1,
        1,
        1,
        1,
        1,
        1,
        1,
        1,
        1,
        1,
        1,
        1,
        1,
        1,
        1,
        1,
        1,
        1,
        1,
        1,
        1,
        1,
        1,
        1,
        1,
        1,
        1,
        1,
        1,
        1,
        1,
        1,
        1,
        1,
        1,
        1,
        1,
        1,
        1,
        1,
        1,
        1,
        1,
        1,
        1,
        1,
        1,
        1,
        1,
        1,
        1,
        1,
        1,
        1,
        1,
        1,
        1,
        1,
        1,
        1,
        1,
        1,
        1,
        1,
        1,
        1,
        1,
        1,
        1,
        1,
        1,
        1,
        1,
        1,
        1,
        1,
        1,
        1,
        1,
        1,
        1,
        1,
        1,
        1,
        1,
        1,
        1,
        1,
        1,
        1,
        1,
        1,
        1,
        1,
        1,
        1,
        1,
        1,
        1,
        1,
        1,
        1,
        1,
        1,
        1,
        1,
        1,
        1,
        1,
        1,
        1,
        1,
        1,
        1,
        1,
        1,
        1,
        1,
        1,
        1,
        1,
        1,
        1,
        1,
        1,
        1,
        1,
        1,
        1,
        1,
        1,
        1,
        1,
        1,
        1,
        1,
        1,
        1,
        1,
        1,
        1,
        1,
        1,
        1,
        1,
        1,
        1,
        1,
        1,
        1,
        1,
        1,
        1,
        1,
        1,
        1,
        1,
        1,
        1,
        1,
        1,
        1,
        1,
        1,
        1,
        1,
        1,
        1,
        1,
        1,
        1,
        1,
        1,
        1,
        1,
        1,
        1,
        1,
        1,
        1,
        1,
        1,
        1,
        1,
        1,
        1,
        1,
        1,
        1,
        1,
        1,
        1,
        1,
        1,
        1,
        1,
        1,
        1,
        1,
        1,
        1,
        1,
        1,
        1,
        1,
        1,
        1,
        1,
        1,
        1,
        1,
        1,
        1,
        1,
        1,
        1,
        1,
        1,
        1,
        1,
        1,
        1,
        1,
        1,
        1,
        1,
        1,
        1,
        1,
        1,
        1,
        1,
        1,
        1,
        1,
        1,
        1,
        1,
        1,
        1,
        1,
        1,
        1,
        1,
        1,
        1,
        1,
        1,
        1,
        1,
        1,
        1,
        1,
        1,
        1,
        1,
        1,
        1,
        1,
        1,
        1,
        1,
        1,
        1,
        1,
        1,
        1,
        1,
        1,
        1
      ],
      "sub_cluster_map": [
        0,
        0,
        0,
        1,
        2,
        0,
        0,
        0,
        2,
        0,
        2,
        2,
        2,
        3,
        0,
        0,
        2,
        0,
        2,
        2,
        2,
        2,
        3,
        1,
        1,
        2,
        3,
        0,
        0,
        0,
        3,
        0,
        0,
        1,
        1,
        0,
        3,
        3,
        2,
        1,
        0,
        1,
        2,
        0,
        2,
        3,
        3,
        0,
        2,
        1,
        2,
        3,
        0,
        1,
        2,
        3,
        3,
        0,
        1,
        2,
        0,
        1,
        3,
        1,
        1,
        3,
        2,
        2,
        2,
        2,
        2,
        1,
        1,
        2,
        1,
        1,
        1,
        3,
        0,
        2,
        2,
        2,
        2,
        3,
        3,
        2,
        3,
        2,
        3,
        3,
        2,
        2,
        0,
        3,
        2,
        0,
        0,
        0,
        3,
        1,
        0,
        2,
        0,
        0,
        0,
        3,
        0,
        0,
        1,
        0,
        3,
        3,
        0,
        1,
        0,
        3,
        3,
        0,
        1,
        1,
        1,
        3,
        1,
        3,
        3,
        0,
        0,
        3,
        3,
        2,
        2,
        0,
        0,
        3,
        2,
        2,
        1,
        1,
        1,
        3,
        2,
        1,
        0,
        3,
        2,
        2,
        0,
        0,
        1,
        0,
        0,
        2,
        3,
        2,
        2,
        2,
        0,
        0,
        2,
        0,
        3,
        0,
        2,
        2,
        3,
        0,
        2,
        2,
        1,
        3,
        0,
        3,
        3,
        1,
        2,
        2,
        0,
        0,
        2,
        3,
        3,
        0,
        0,
        1,
        3,
        3,
        0,
        0,
        3,
        0,
        0,
        1,
        0,
        3,
        0,
        3,
        0,
        3,
        3,
        0,
        1,
        0,
        0,
        0,
        1,
        3,
        2,
        1,
        2,
        2,
        1,
        1,
        2,
        0,
        2,
        3,
        2,
        3,
        3,
        2,
        1,
        2,
        3,
        2,
        1,
        3,
        1,
        3,
        1,
        1,
        1,
        2,
        1,
        2,
        2,
        3,
        3,
        2,
        2,
        2,
        2,
        3,
        0,
        2,
        0,
        2,
        3,
        3,
        1,
        1,
        3,
        1,
        2,
        2,
        2,
        1,
        1,
        1,
        2,
        2,
        0,
        0,
        0,
        3,
        3,
        1,
        2,
        2,
        3,
        2,
        3,
        1,
        2,
        3,
        0,
        0,
        1,
        3,
        2,
        2,
        1,
        3,
        3,
        3,
        0,
        2,
        3,
        3,
        3,
        1,
        3,
        3,
        2,
        2,
        3,
        1,
        3,
        1,
        2,
        2,
        2,
        2,
        0,
        3,
        0,
        1,
        0,
        3,
        0,
        0,
        2,
        1,
        1,
        1,
        0,
        1,
        2,
        0,
        3,
        3,
        3,
        2,
        3,
        2,
        3,
        2,
        0,
        1,
        2,
        0,
        1,
        2,
        3,
        0,
        0,
        3,
        1,
        1,
        2,
        2,
        2,
        3,
        0,
        0,
        3,
        3,
        1,
        0,
        1,
        2,
        1,
        0,
        2,
        3,
        0,
        3,
        1,
        0,
        3,
        2,
        3,
        2
      ],
      "sparsity": 2.2380532089269952e-05
    }
  }
}