{
  "parameters": {
    "n": 3800,
    "K": 4,
    "a": 100,
    "b": 50,
    "epsilon": 0.5,
    "epsilon_threshold": -0.18757773829331317,
    "is_below": "False",
    "seed": 49
  },
  "results": {
    "PairSamplingObservation": {
      "observed_nodes": [
        0,
        3,
        4,
        6,
        7,
        8,
        11,
        12,
        13,
        14,
        15,
        18,
        20,
        21,
        22,
        25,
        28,
        29,
        30,
        31,
        34,
        35,
        36,
        37,
        38,
        39,
        40,
        41,
        43,
        44,
        46,
        49,
        51,
        54,
        55,
        56,
        60,
        61,
        64,
        65,
        66,
        70,
        71,
        73,
        75,
        76,
        78,
        83,
        86,
        87,
        88,
        89,
        93,
        94,
        99,
        100,
        103,
        104,
        105,
        107,
        108,
        110,
        111,
        113,
        118,
        119,
        120,
        121,
        122,
        123,
        124,
        125,
        129,
        134,
        135,
        136,
        138,
        140,
        142,
        144,
        145,
        146,
        148,
        149,
        150,
        151,
        152,
        153,
        154,
        155,
        156,
        157,
        158,
        160,
        161,
        163,
        164,
        165,
        166,
        167,
        168,
        169,
        171,
        172,
        173,
        175,
        176,
        177,
        178,
        179,
        181,
        182,
        185,
        186,
        187,
        188,
        189,
        191,
        192,
        193,
        194,
        196,
        197,
        199,
        200,
        201,
        202,
        204,
        207,
        208,
        210,
        211,
        212,
        214,
        216,
        218,
        222,
        223,
        224,
        225,
        227,
        228,
        230,
        231,
        234,
        236,
        238,
        239,
        240,
        243,
        244,
        245,
        246,
        247,
        249,
        251,
        252,
        254,
        256,
        257,
        261,
        263,
        264,
        265,
        266,
        268,
        269,
        270,
        271,
        272,
        273,
        274,
        275,
        276,
        279,
        280,
        281,
        282,
        285,
        286,
        288,
        289,
        290,
        292,
        293,
        294,
        295,
        297,
        299,
        300,
        301,
        302,
        303,
        305,
        306,
        307,
        308,
        309,
        310,
        311,
        312,
        313,
        314,
        315,
        316,
        317,
        318,
        319,
        320,
        322,
        323,
        324,
        325,
        329,
        330,
        331,
        332,
        333,
        334,
        335,
        336,
        337,
        339,
        340,
        342,
        343,
        344,
        345,
        346,
        347,
        348,
        351,
        352,
        353,
        354,
        355,
        356,
        357,
        358,
        360,
        361,
        362,
        363,
        365,
        367,
        368,
        370,
        371,
        372,
        375,
        376,
        378,
        380,
        381,
        382,
        384,
        385,
        386,
        388,
        390,
        391,
        392,
        393,
        394,
        395,
        396,
        401,
        402,
        403,
        404,
        406,
        407,
        408,
        411,
        412,
        415,
        416,
        417,
        418,
        420,
        421,
        423,
        424,
        425,
        427,
        428,
        430,
        439,
        442,
        444,
        445,
        447,
        449,
        451,
        452,
        453,
        455,
        456,
        457,
        460,
        461,
        462,
        463,
        467,
        469,
        470,
        471,
        472,
        473,
        474,
        476,
        479,
        481,
        482,
        483,
        485,
        487,
        490,
        491,
        492,
        493,
        495,
        497,
        499,
        501,
        504,
        506,
        508,
        510,
        511,
        512,
        513,
        514,
        515,
        519,
        520,
        521,
        524,
        525,
        526,
        527,
        528,
        529,
        530,
        532,
        534,
        535,
        537,
        538,
        539,
        541,
        543,
        547,
        548,
        549,
        551,
        552,
        553,
        557,
        558,
        559,
        560,
        563,
        565,
        566,
        567,
        568,
        569,
        570,
        571,
        572,
        573,
        574,
        576,
        577,
        578,
        579,
        580,
        581,
        582,
        583,
        585,
        588,
        589,
        591,
        594,
        597,
        598,
        599,
        600,
        601,
        605,
        607,
        608,
        609,
        610,
        615,
        617,
        618,
        619,
        620,
        622,
        625,
        626,
        628,
        630,
        632,
        633,
        635,
        638,
        640,
        641,
        643,
        645,
        646,
        649,
        650,
        652,
        653,
        654,
        656,
        657,
        659,
        660,
        661,
        664,
        665,
        668,
        670,
        671,
        672,
        674,
        676,
        677,
        678,
        681,
        682,
        683,
        684,
        688,
        689,
        690,
        691,
        693,
        694,
        695,
        696,
        698,
        699,
        700,
        701,
        702,
        704,
        705,
        706,
        708,
        711,
        712,
        714,
        715,
        721,
        724,
        729,
        731,
        733,
        735,
        736,
        740,
        742,
        745,
        749,
        750,
        751,
        754,
        757,
        758,
        762,
        763,
        764,
        765,
        767,
        768,
        769,
        770,
        771,
        775,
        776,
        777,
        778,
        780,
        782,
        783,
        786,
        789,
        790,
        791,
        793,
        794,
        795,
        798,
        800,
        801,
        803,
        804,
        806,
        807,
        809,
        811,
        814,
        815,
        817,
        818,
        819,
        820,
        821,
        823,
        824,
        825,
        827,
        828,
        830,
        831,
        832,
        833,
        834,
        835,
        836,
        837,
        838,
        839,
        840,
        841,
        843,
        844,
        849,
        850,
        852,
        854,
        855,
        857,
        859,
        860,
        861,
        862,
        863,
        864,
        866,
        867,
        869,
        871,
        873,
        876,
        877,
        878,
        879,
        880,
        881,
        883,
        884,
        887,
        891,
        892,
        893,
        898,
        899,
        901,
        902,
        906,
        907,
        909,
        910,
        914,
        915,
        916,
        922,
        923,
        924,
        925,
        926,
        927,
        928,
        933,
        935,
        936,
        937,
        938,
        939,
        941,
        944,
        945,
        946,
        948,
        949,
        950,
        952,
        953,
        954,
        956,
        957,
        958,
        961,
        962,
        963,
        964,
        966,
        968,
        969,
        970,
        971,
        972,
        975,
        979,
        981,
        982,
        984,
        985,
        986,
        987,
        988,
        989,
        990,
        994,
        995,
        996,
        1000,
        1004,
        1005,
        1006,
        1007,
        1011,
        1012,
        1014,
        1015,
        1018,
        1020,
        1021,
        1022,
        1025,
        1026,
        1027,
        1028,
        1031,
        1032,
        1035,
        1036,
        1037,
        1038,
        1040,
        1041,
        1042,
        1043,
        1044,
        1045,
        1048,
        1050,
        1051,
        1052,
        1053,
        1054,
        1056,
        1058,
        1059,
        1060,
        1061,
        1062,
        1065,
        1066,
        1067,
        1068,
        1069,
        1070,
        1071,
        1073,
        1074,
        1076,
        1077,
        1078,
        1079,
        1081,
        1085,
        1089,
        1090,
        1092,
        1094,
        1095,
        1097,
        1098,
        1099,
        1101,
        1102,
        1103,
        1104,
        1106,
        1107,
        1108,
        1111,
        1112,
        1114,
        1117,
        1118,
        1119,
        1120,
        1121,
        1124,
        1126,
        1127,
        1128,
        1129,
        1130,
        1131,
        1132,
        1133,
        1134,
        1135,
        1136,
        1137,
        1138,
        1139,
        1141,
        1143,
        1144,
        1146,
        1147,
        1148,
        1149,
        1150,
        1155,
        1156,
        1157,
        1160,
        1162,
        1163,
        1165,
        1166,
        1168,
        1169,
        1170,
        1171,
        1175,
        1176,
        1184,
        1185,
        1186,
        1187,
        1188,
        1189,
        1190,
        1191,
        1192,
        1193,
        1194,
        1196,
        1198,
        1199,
        1200,
        1201,
        1203,
        1206,
        1207,
        1208,
        1211,
        1212,
        1214,
        1215,
        1216,
        1217,
        1218,
        1219,
        1220,
        1221,
        1222,
        1223,
        1226,
        1228,
        1229,
        1231,
        1235,
        1237,
        1238,
        1239,
        1241,
        1242,
        1244,
        1246,
        1247,
        1250,
        1251,
        1254,
        1255,
        1256,
        1258,
        1262,
        1263,
        1264,
        1265,
        1267,
        1269,
        1270,
        1271,
        1272,
        1277,
        1279,
        1280,
        1282,
        1283,
        1284,
        1286,
        1287,
        1290,
        1291,
        1292,
        1293,
        1294,
        1295,
        1296,
        1297,
        1299,
        1304,
        1305,
        1307,
        1308,
        1310,
        1311,
        1312,
        1315,
        1316,
        1317,
        1318,
        1319,
        1322,
        1325,
        1326,
        1328,
        1329,
        1335,
        1337,
        1339,
        1340,
        1341,
        1343,
        1344,
        1345,
        1348,
        1349,
        1351,
        1352,
        1353,
        1354,
        1355,
        1356,
        1357,
        1358,
        1359,
        1360,
        1361,
        1362,
        1364,
        1369,
        1370,
        1371,
        1374,
        1376,
        1378,
        1379,
        1381,
        1383,
        1386,
        1387,
        1389,
        1390,
        1393,
        1395,
        1397,
        1400,
        1401,
        1402,
        1403,
        1405,
        1407,
        1409,
        1410,
        1411,
        1413,
        1414,
        1417,
        1418,
        1420,
        1424,
        1426,
        1428,
        1429,
        1430,
        1431,
        1436,
        1437,
        1438,
        1440,
        1441,
        1443,
        1444,
        1446,
        1449,
        1451,
        1455,
        1456,
        1457,
        1458,
        1459,
        1460,
        1461,
        1462,
        1463,
        1464,
        1465,
        1468,
        1473,
        1475,
        1477,
        1478,
        1481,
        1484,
        1485,
        1486,
        1487,
        1489,
        1491,
        1493,
        1496,
        1497,
        1499,
        1500,
        1501,
        1502,
        1503,
        1506,
        1508,
        1509,
        1510,
        1512,
        1513,
        1514,
        1516,
        1518,
        1520,
        1521,
        1528,
        1529,
        1530,
        1531,
        1533,
        1534,
        1536,
        1537,
        1538,
        1541,
        1543,
        1544,
        1545,
        1546,
        1547,
        1548,
        1550,
        1552,
        1554,
        1556,
        1557,
        1558,
        1560,
        1562,
        1563,
        1564,
        1565,
        1566,
        1567,
        1568,
        1571,
        1575,
        1576,
        1577,
        1580,
        1581,
        1582,
        1584,
        1585,
        1586,
        1588,
        1589,
        1590,
        1592,
        1593,
        1594,
        1598,
        1599,
        1600,
        1601,
        1605,
        1608,
        1610,
        1611,
        1612,
        1615,
        1618,
        1619,
        1620,
        1621,
        1623,
        1624,
        1625,
        1627,
        1629,
        1630,
        1631,
        1632,
        1633,
        1634,
        1636,
        1637,
        1642,
        1644,
        1645,
        1646,
        1647,
        1648,
        1649,
        1650,
        1653,
        1654,
        1655,
        1657,
        1658,
        1659,
        1660,
        1663,
        1664,
        1665,
        1669,
        1670,
        1671,
        1672,
        1673,
        1675,
        1677,
        1678,
        1679,
        1680,
        1681,
        1682,
        1684,
        1685,
        1686,
        1688,
        1689,
        1690,
        1691,
        1692,
        1693,
        1694,
        1697,
        1698,
        1699,
        1700,
        1702,
        1703,
        1704,
        1705,
        1706,
        1707,
        1710,
        1712,
        1713,
        1715,
        1716,
        1717,
        1721,
        1723,
        1725,
        1726,
        1728,
        1729,
        1730,
        1731,
        1732,
        1733,
        1737,
        1738,
        1739,
        1740,
        1742,
        1746,
        1747,
        1748,
        1749,
        1753,
        1754,
        1755,
        1756,
        1758,
        1759,
        1760,
        1761,
        1762,
        1764,
        1765,
        1766,
        1767,
        1769,
        1770,
        1773,
        1774,
        1775,
        1777,
        1778,
        1779,
        1781,
        1782,
        1783,
        1784,
        1785,
        1787,
        1788,
        1790,
        1791,
        1792,
        1796,
        1798,
        1799,
        1802,
        1803,
        1804,
        1805,
        1806,
        1807,
        1808,
        1812,
        1813,
        1814,
        1818,
        1819,
        1820,
        1825,
        1827,
        1831,
        1832,
        1834,
        1835,
        1837,
        1841,
        1842,
        1845,
        1847,
        1848,
        1849,
        1851,
        1853,
        1854,
        1855,
        1856,
        1857,
        1859,
        1860,
        1862,
        1864,
        1865,
        1867,
        1869,
        1870,
        1871,
        1872,
        1873,
        1874,
        1875,
        1877,
        1879,
        1880,
        1882,
        1883,
        1884,
        1885,
        1886,
        1887,
        1888,
        1890,
        1892,
        1893,
        1896,
        1899,
        1901,
        1902,
        1903,
        1904,
        1906,
        1908,
        1909,
        1911,
        1912,
        1914,
        1915,
        1917,
        1918,
        1920,
        1921,
        1922,
        1923,
        1929,
        1931,
        1933,
        1935,
        1938,
        1940,
        1941,
        1942,
        1944,
        1946,
        1950,
        1951,
        1954,
        1955,
        1956,
        1959,
        1960,
        1961,
        1962,
        1963,
        1964,
        1965,
        1966,
        1969,
        1970,
        1971,
        1972,
        1973,
        1979,
        1985,
        1986,
        1991,
        1992,
        1994,
        1995,
        1997,
        1999,
        2000,
        2001,
        2003,
        2004,
        2005,
        2006,
        2008,
        2009,
        2011,
        2012,
        2013,
        2014,
        2016,
        2019,
        2020,
        2022,
        2023,
        2024,
        2025,
        2026,
        2030,
        2031,
        2032,
        2033,
        2034,
        2036,
        2037,
        2041,
        2044,
        2045,
        2047,
        2050,
        2051,
        2052,
        2053,
        2054,
        2057,
        2058,
        2059,
        2060,
        2061,
        2063,
        2065,
        2066,
        2067,
        2069,
        2070,
        2077,
        2078,
        2079,
        2080,
        2081,
        2083,
        2085,
        2087,
        2088,
        2090,
        2093,
        2095,
        2096,
        2097,
        2098,
        2099,
        2102,
        2103,
        2108,
        2110,
        2111,
        2112,
        2114,
        2115,
        2116,
        2117,
        2118,
        2120,
        2121,
        2122,
        2123,
        2124,
        2125,
        2126,
        2132,
        2133,
        2134,
        2137,
        2138,
        2139,
        2140,
        2141,
        2143,
        2144,
        2145,
        2146,
        2147,
        2150,
        2153,
        2155,
        2156,
        2157,
        2158,
        2160,
        2161,
        2162,
        2165,
        2166,
        2169,
        2171,
        2172,
        2176,
        2177,
        2179,
        2181,
        2182,
        2183,
        2184,
        2185,
        2186,
        2187,
        2188,
        2189,
        2191,
        2192,
        2193,
        2194,
        2195,
        2196,
        2197,
        2198,
        2200,
        2203,
        2204,
        2205,
        2206,
        2208,
        2210,
        2211,
        2216,
        2217,
        2218,
        2221,
        2222,
        2223,
        2224,
        2226,
        2227,
        2229,
        2230,
        2231,
        2235,
        2241,
        2242,
        2245,
        2246,
        2249,
        2250,
        2251,
        2252,
        2253,
        2254,
        2258,
        2259,
        2261,
        2262,
        2263,
        2264,
        2265,
        2270,
        2271,
        2276,
        2277,
        2279,
        2280,
        2281,
        2282,
        2284,
        2287,
        2288,
        2294,
        2296,
        2297,
        2300,
        2301,
        2302,
        2303,
        2305,
        2306,
        2307,
        2309,
        2311,
        2314,
        2316,
        2318,
        2324,
        2325,
        2326,
        2327,
        2328,
        2329,
        2332,
        2335,
        2336,
        2337,
        2338,
        2340,
        2341,
        2342,
        2343,
        2344,
        2345,
        2347,
        2348,
        2350,
        2351,
        2352,
        2353,
        2354,
        2356,
        2357,
        2359,
        2361,
        2362,
        2364,
        2365,
        2371,
        2372,
        2373,
        2374,
        2376,
        2378,
        2379,
        2382,
        2383,
        2384,
        2387,
        2388,
        2389,
        2390,
        2391,
        2394,
        2395,
        2396,
        2397,
        2401,
        2406,
        2408,
        2409,
        2412,
        2413,
        2414,
        2416,
        2418,
        2419,
        2421,
        2423,
        2424,
        2425,
        2426,
        2427,
        2433,
        2435,
        2436,
        2437,
        2444,
        2445,
        2447,
        2450,
        2451,
        2453,
        2454,
        2455,
        2456,
        2458,
        2459,
        2460,
        2461,
        2463,
        2466,
        2470,
        2471,
        2472,
        2473,
        2474,
        2475,
        2477,
        2480,
        2482,
        2483,
        2484,
        2487,
        2489,
        2491,
        2492,
        2496,
        2497,
        2498,
        2499,
        2500,
        2501,
        2503,
        2505,
        2507,
        2508,
        2509,
        2510,
        2512,
        2514,
        2515,
        2518,
        2519,
        2521,
        2523,
        2525,
        2526,
        2527,
        2529,
        2530,
        2531,
        2532,
        2535,
        2536,
        2537,
        2538,
        2539,
        2541,
        2543,
        2544,
        2545,
        2546,
        2547,
        2548,
        2550,
        2552,
        2553,
        2554,
        2555,
        2556,
        2557,
        2558,
        2559,
        2561,
        2562,
        2563,
        2564,
        2565,
        2570,
        2572,
        2573,
        2574,
        2575,
        2576,
        2577,
        2578,
        2580,
        2581,
        2584,
        2585,
        2587,
        2589,
        2590,
        2592,
        2593,
        2594,
        2595,
        2596,
        2597,
        2598,
        2599,
        2601,
        2605,
        2606,
        2608,
        2611,
        2612,
        2614,
        2615,
        2616,
        2617,
        2621,
        2622,
        2624,
        2625,
        2626,
        2627,
        2628,
        2630,
        2631,
        2634,
        2635,
        2636,
        2640,
        2641,
        2644,
        2645,
        2646,
        2647,
        2649,
        2651,
        2652,
        2653,
        2655,
        2656,
        2657,
        2658,
        2659,
        2660,
        2662,
        2663,
        2665,
        2667,
        2668,
        2669,
        2670,
        2672,
        2674,
        2676,
        2678,
        2683,
        2684,
        2685,
        2689,
        2691,
        2692,
        2693,
        2694,
        2695,
        2696,
        2697,
        2700,
        2701,
        2702,
        2703,
        2704,
        2707,
        2709,
        2710,
        2712,
        2713,
        2714,
        2715,
        2716,
        2717,
        2718,
        2720,
        2722,
        2723,
        2725,
        2730,
        2731,
        2733,
        2734,
        2735,
        2736,
        2737,
        2738,
        2740,
        2742,
        2743,
        2744,
        2745,
        2746,
        2747,
        2749,
        2753,
        2754,
        2755,
        2756,
        2759,
        2760,
        2761,
        2762,
        2763,
        2767,
        2768,
        2769,
        2770,
        2771,
        2774,
        2775,
        2776,
        2777,
        2778,
        2779,
        2780,
        2781,
        2782,
        2785,
        2787,
        2790,
        2791,
        2792,
        2793,
        2794,
        2795,
        2796,
        2798,
        2799,
        2800,
        2801,
        2802,
        2804,
        2807,
        2811,
        2812,
        2814,
        2817,
        2818,
        2819,
        2820,
        2822,
        2823,
        2824,
        2827,
        2828,
        2833,
        2834,
        2835,
        2836,
        2839,
        2840,
        2841,
        2843,
        2845,
        2846,
        2847,
        2848,
        2849,
        2850,
        2852,
        2855,
        2856,
        2857,
        2859,
        2860,
        2861,
        2863,
        2865,
        2866,
        2871,
        2873,
        2876,
        2877,
        2878,
        2879,
        2881,
        2882,
        2885,
        2886,
        2887,
        2888,
        2889,
        2890,
        2891,
        2894,
        2895,
        2897,
        2899,
        2903,
        2904,
        2905,
        2907,
        2908,
        2910,
        2912,
        2913,
        2914,
        2916,
        2917,
        2918,
        2920,
        2923,
        2924,
        2925,
        2926,
        2928,
        2929,
        2930,
        2932,
        2933,
        2934,
        2937,
        2941,
        2942,
        2943,
        2944,
        2947,
        2948,
        2951,
        2953,
        2957,
        2960,
        2963,
        2965,
        2966,
        2967,
        2968,
        2969,
        2970,
        2973,
        2974,
        2975,
        2978,
        2979,
        2981,
        2982,
        2983,
        2984,
        2985,
        2986,
        2989,
        2992,
        2994,
        2997,
        2999,
        3000,
        3005,
        3006,
        3007,
        3008,
        3009,
        3012,
        3014,
        3018,
        3020,
        3021,
        3022,
        3023,
        3024,
        3025,
        3026,
        3027,
        3028,
        3030,
        3031,
        3032,
        3033,
        3034,
        3035,
        3036,
        3040,
        3041,
        3043,
        3045,
        3047,
        3048,
        3049,
        3050,
        3052,
        3053,
        3055,
        3059,
        3060,
        3061,
        3062,
        3063,
        3064,
        3067,
        3068,
        3070,
        3072,
        3073,
        3076,
        3078,
        3081,
        3083,
        3084,
        3085,
        3087,
        3088,
        3090,
        3091,
        3092,
        3093,
        3096,
        3098,
        3099,
        3101,
        3104,
        3105,
        3106,
        3107,
        3112,
        3114,
        3117,
        3118,
        3120,
        3121,
        3122,
        3123,
        3124,
        3126,
        3128,
        3129,
        3131,
        3132,
        3134,
        3137,
        3140,
        3141,
        3143,
        3144,
        3145,
        3148,
        3149,
        3150,
        3151,
        3152,
        3154,
        3156,
        3157,
        3159,
        3161,
        3162,
        3163,
        3165,
        3166,
        3167,
        3168,
        3169,
        3174,
        3175,
        3178,
        3180,
        3181,
        3182,
        3183,
        3184,
        3185,
        3190,
        3191,
        3192,
        3193,
        3194,
        3196,
        3198,
        3199,
        3202,
        3204,
        3205,
        3207,
        3208,
        3209,
        3210,
        3212,
        3213,
        3214,
        3216,
        3217,
        3220,
        3221,
        3224,
        3225,
        3228,
        3229,
        3230,
        3231,
        3233,
        3234,
        3235,
        3236,
        3237,
        3238,
        3239,
        3240,
        3242,
        3243,
        3245,
        3248,
        3249,
        3250,
        3251,
        3254,
        3255,
        3256,
        3257,
        3258,
        3259,
        3260,
        3261,
        3264,
        3268,
        3269,
        3270,
        3271,
        3272,
        3273,
        3275,
        3276,
        3277,
        3278,
        3279,
        3280,
        3281,
        3282,
        3283,
        3285,
        3290,
        3291,
        3293,
        3295,
        3297,
        3298,
        3299,
        3301,
        3302,
        3304,
        3305,
        3306,
        3307,
        3310,
        3311,
        3312,
        3314,
        3316,
        3317,
        3318,
        3319,
        3321,
        3325,
        3326,
        3329,
        3330,
        3331,
        3332,
        3335,
        3336,
        3341,
        3342,
        3346,
        3347,
        3348,
        3352,
        3354,
        3355,
        3357,
        3360,
        3361,
        3363,
        3365,
        3366,
        3372,
        3374,
        3375,
        3377,
        3380,
        3381,
        3382,
        3383,
        3384,
        3385,
        3386,
        3387,
        3393,
        3394,
        3395,
        3396,
        3397,
        3398,
        3401,
        3402,
        3403,
        3406,
        3407,
        3408,
        3409,
        3410,
        3411,
        3412,
        3414,
        3415,
        3416,
        3419,
        3420,
        3421,
        3423,
        3424,
        3426,
        3427,
        3428,
        3429,
        3432,
        3433,
        3434,
        3435,
        3436,
        3437,
        3441,
        3442,
        3443,
        3445,
        3446,
        3448,
        3451,
        3452,
        3453,
        3454,
        3455,
        3456,
        3457,
        3458,
        3459,
        3460,
        3461,
        3463,
        3466,
        3467,
        3468,
        3470,
        3472,
        3473,
        3474,
        3475,
        3480,
        3482,
        3483,
        3484,
        3488,
        3490,
        3492,
        3494,
        3497,
        3498,
        3499,
        3502,
        3503,
        3504,
        3506,
        3509,
        3513,
        3515,
        3517,
        3518,
        3519,
        3521,
        3523,
        3524,
        3525,
        3526,
        3527,
        3528,
        3530,
        3533,
        3535,
        3537,
        3540,
        3541,
        3543,
        3544,
        3548,
        3550,
        3552,
        3553,
        3554,
        3556,
        3558,
        3560,
        3561,
        3562,
        3563,
        3565,
        3566,
        3568,
        3572,
        3574,
        3575,
        3577,
        3579,
        3581,
        3582,
        3583,
        3584,
        3586,
        3588,
        3589,
        3592,
        3593,
        3594,
        3595,
        3596,
        3600,
        3602,
        3605,
        3606,
        3607,
        3608,
        3610,
        3613,
        3615,
        3616,
        3617,
        3619,
        3620,
        3621,
        3623,
        3624,
        3625,
        3627,
        3628,
        3631,
        3633,
        3634,
        3636,
        3639,
        3640,
        3641,
        3645,
        3646,
        3649,
        3650,
        3651,
        3653,
        3656,
        3658,
        3659,
        3663,
        3664,
        3665,
        3666,
        3667,
        3668,
        3670,
        3671,
        3674,
        3676,
        3678,
        3679,
        3681,
        3682,
        3683,
        3685,
        3686,
        3688,
        3689,
        3690,
        3691,
        3692,
        3695,
        3696,
        3698,
        3700,
        3701,
        3702,
        3703,
        3704,
        3705,
        3706,
        3709,
        3710,
        3711,
        3712,
        3713,
        3714,
        3717,
        3718,
        3719,
        3720,
        3721,
        3722,
        3723,
        3726,
        3727,
        3728,
        3730,
        3731,
        3732,
        3735,
        3736,
        3737,
        3738,
        3739,
        3742,
        3743,
        3744,
        3745,
        3748,
        3749,
        3752,
        3754,
        3755,
        3756,
        3758,
        3759,
        3760,
        3761,
        3762,
        3765,
        3768,
        3769,
        3770,
        3771,
        3772,
        3776,
        3777,
        3779,
        3781,
        3782,
        3783,
        3784,
        3785,
        3786,
        3787,
        3789,
        3790,
        3791,
        3792,
        3795,
        3796,
        3797,
        3799
      ],
      "stats": {
        "accuracy": 0.2868421052631579,
        "num vertices": 3800,
        "num communities predicted": 4,
        "accuracy_0": 0.2435344827586207,
        "accuracy_1": 0.08315789473684211,
        "accuracy_2": 0.4174653887113951,
        "accuracy_3": 0.3997965412004069,
        "perm_p": 0.015198480151984802
      },
      "sub_stats": {
        "accuracy": 0.29684838160136284,
        "num vertices": 2348,
        "num communities predicted": 3,
        "accuracy_0": 0.3944153577661431,
        "accuracy_1": 0.127831715210356,
        "accuracy_2": 0.691358024691358,
        "accuracy_3": 0.0,
        "perm_p": 0.8662133786621338
      },
      "sub_preds": [
        3,
        1,
        2,
        3,
        3,
        2,
        2,
        3,
        2,
        2,
        3,
        2,
        2,
        2,
        2,
        2,
        1,
        3,
        3,
        2,
        3,
        2,
        2,
        2,
        3,
        2,
        3,
        2,
        3,
        2,
        3,
        2,
        2,
        3,
        3,
        2,
        3,
        2,
        2,
        2,
        2,
        1,
        3,
        2,
        2,
        2,
        2,
        2,
        3,
        2,
        2,
        3,
        3,
        3,
        2,
        2,
        2,
        3,
        2,
        3,
        2,
        3,
        3,
        2,
        1,
        2,
        2,
        3,
        2,
        3,
        2,
        2,
        2,
        2,
        3,
        3,
        3,
        2,
        3,
        2,
        1,
        3,
        3,
        3,
        2,
        2,
        2,
        2,
        3,
        2,
        2,
        3,
        2,
        2,
        3,
        3,
        2,
        2,
        3,
        2,
        2,
        3,
        2,
        3,
        2,
        3,
        2,
        1,
        2,
        2,
        3,
        3,
        2,
        2,
        2,
        2,
        2,
        2,
        2,
        3,
        2,
        2,
        2,
        2,
        3,
        2,
        2,
        3,
        3,
        2,
        2,
        2,
        2,
        3,
        3,
        3,
        2,
        3,
        2,
        3,
        3,
        3,
        2,
        2,
        3,
        2,
        3,
        2,
        2,
        2,
        2,
        2,
        2,
        3,
        2,
        2,
        3,
        2,
        2,
        3,
        2,
        3,
        3,
        2,
        2,
        1,
        3,
        2,
        2,
        2,
        2,
        2,
        2,
        3,
        3,
        3,
        2,
        2,
        3,
        2,
        3,
        2,
        2,
        3,
        2,
        1,
        2,
        3,
        3,
        2,
        3,
        3,
        2,
        3,
        2,
        2,
        2,
        2,
        3,
        2,
        2,
        3,
        2,
        3,
        3,
        3,
        3,
        2,
        3,
        2,
        3,
        3,
        3,
        2,
        3,
        2,
        2,
        3,
        2,
        3,
        3,
        2,
        2,
        3,
        3,
        2,
        3,
        2,
        3,
        3,
        3,
        3,
        2,
        2,
        3,
        3,
        2,
        3,
        3,
        1,
        3,
        3,
        3,
        3,
        2,
        2,
        2,
        3,
        2,
        3,
        3,
        2,
        2,
        2,
        2,
        2,
        2,
        2,
        2,
        3,
        2,
        3,
        2,
        3,
        3,
        2,
        2,
        2,
        3,
        2,
        2,
        3,
        3,
        3,
        2,
        2,
        3,
        2,
        2,
        2,
        2,
        1,
        3,
        2,
        3,
        2,
        3,
        2,
        3,
        1,
        2,
        3,
        2,
        3,
        3,
        2,
        3,
        3,
        2,
        2,
        2,
        2,
        2,
        2,
        2,
        2,
        2,
        2,
        2,
        3,
        3,
        2,
        3,
        3,
        2,
        2,
        3,
        2,
        3,
        2,
        3,
        1,
        3,
        3,
        3,
        2,
        2,
        2,
        3,
        3,
        2,
        2,
        3,
        2,
        3,
        3,
        3,
        3,
        1,
        2,
        3,
        2,
        2,
        2,
        3,
        3,
        2,
        3,
        3,
        2,
        2,
        3,
        2,
        3,
        2,
        2,
        3,
        2,
        2,
        3,
        3,
        2,
        2,
        3,
        2,
        2,
        2,
        2,
        3,
        3,
        3,
        2,
        2,
        2,
        2,
        3,
        2,
        3,
        2,
        3,
        2,
        3,
        3,
        2,
        2,
        3,
        2,
        2,
        3,
        2,
        2,
        2,
        1,
        3,
        2,
        3,
        2,
        2,
        3,
        3,
        3,
        2,
        2,
        1,
        2,
        3,
        2,
        3,
        2,
        2,
        2,
        2,
        3,
        2,
        2,
        3,
        3,
        2,
        2,
        3,
        3,
        3,
        2,
        2,
        2,
        2,
        2,
        2,
        2,
        2,
        3,
        2,
        2,
        2,
        3,
        3,
        3,
        3,
        2,
        3,
        2,
        2,
        3,
        3,
        3,
        3,
        2,
        3,
        2,
        2,
        2,
        3,
        2,
        2,
        2,
        3,
        1,
        3,
        3,
        2,
        2,
        2,
        2,
        3,
        3,
        2,
        3,
        2,
        2,
        2,
        3,
        3,
        3,
        2,
        3,
        2,
        2,
        2,
        2,
        2,
        2,
        1,
        2,
        3,
        2,
        2,
        3,
        3,
        2,
        2,
        2,
        3,
        2,
        2,
        2,
        2,
        2,
        3,
        2,
        2,
        2,
        3,
        2,
        3,
        3,
        3,
        2,
        2,
        2,
        3,
        2,
        3,
        2,
        3,
        3,
        1,
        3,
        2,
        3,
        3,
        3,
        3,
        2,
        2,
        2,
        3,
        3,
        1,
        2,
        2,
        2,
        3,
        2,
        3,
        2,
        3,
        2,
        2,
        2,
        2,
        2,
        2,
        3,
        3,
        2,
        2,
        3,
        3,
        2,
        2,
        3,
        2,
        3,
        3,
        3,
        2,
        1,
        2,
        2,
        2,
        2,
        2,
        2,
        2,
        2,
        2,
        2,
        2,
        3,
        3,
        2,
        1,
        3,
        2,
        2,
        2,
        2,
        3,
        2,
        2,
        3,
        2,
        3,
        2,
        2,
        2,
        2,
        2,
        3,
        3,
        2,
        3,
        1,
        1,
        3,
        2,
        2,
        2,
        2,
        2,
        2,
        2,
        3,
        3,
        2,
        2,
        3,
        3,
        2,
        3,
        2,
        3,
        2,
        2,
        2,
        2,
        2,
        1,
        3,
        2,
        2,
        3,
        2,
        3,
        3,
        3,
        3,
        2,
        3,
        2,
        2,
        3,
        2,
        3,
        2,
        2,
        2,
        2,
        3,
        3,
        2,
        3,
        3,
        3,
        3,
        3,
        3,
        2,
        3,
        3,
        2,
        2,
        3,
        2,
        3,
        3,
        2,
        2,
        2,
        2,
        3,
        3,
        3,
        2,
        3,
        3,
        2,
        2,
        2,
        1,
        2,
        2,
        2,
        3,
        3,
        2,
        2,
        3,
        2,
        2,
        3,
        2,
        2,
        2,
        3,
        2,
        3,
        3,
        2,
        2,
        2,
        3,
        2,
        2,
        3,
        3,
        2,
        2,
        2,
        2,
        3,
        2,
        3,
        2,
        2,
        3,
        3,
        3,
        2,
        3,
        3,
        2,
        2,
        1,
        3,
        3,
        2,
        2,
        2,
        3,
        2,
        2,
        2,
        2,
        3,
        2,
        2,
        2,
        3,
        2,
        3,
        2,
        2,
        2,
        2,
        2,
        2,
        3,
        3,
        2,
        2,
        3,
        2,
        3,
        2,
        2,
        2,
        2,
        3,
        3,
        2,
        3,
        3,
        2,
        3,
        3,
        2,
        3,
        2,
        3,
        2,
        2,
        3,
        1,
        2,
        3,
        2,
        2,
        2,
        2,
        2,
        3,
        3,
        3,
        2,
        2,
        2,
        1,
        2,
        3,
        2,
        2,
        2,
        2,
        3,
        3,
        2,
        3,
        2,
        2,
        3,
        2,
        2,
        2,
        3,
        2,
        2,
        2,
        3,
        3,
        3,
        3,
        2,
        2,
        3,
        2,
        2,
        2,
        3,
        2,
        2,
        2,
        2,
        2,
        3,
        2,
        2,
        2,
        3,
        2,
        2,
        2,
        3,
        2,
        3,
        2,
        3,
        2,
        2,
        3,
        2,
        2,
        2,
        3,
        2,
        2,
        2,
        3,
        2,
        2,
        2,
        3,
        3,
        2,
        3,
        3,
        2,
        2,
        2,
        2,
        3,
        2,
        2,
        3,
        2,
        2,
        3,
        2,
        2,
        2,
        1,
        2,
        3,
        2,
        2,
        2,
        2,
        3,
        2,
        2,
        2,
        2,
        2,
        2,
        2,
        3,
        2,
        2,
        3,
        2,
        2,
        2,
        3,
        2,
        1,
        3,
        2,
        3,
        2,
        3,
        2,
        2,
        2,
        3,
        3,
        2,
        3,
        3,
        3,
        2,
        1,
        2,
        3,
        3,
        2,
        3,
        2,
        3,
        2,
        3,
        2,
        2,
        2,
        2,
        3,
        3,
        2,
        3,
        2,
        2,
        2,
        3,
        2,
        3,
        2,
        2,
        3,
        3,
        2,
        3,
        2,
        2,
        2,
        2,
        3,
        3,
        3,
        3,
        2,
        2,
        2,
        2,
        2,
        1,
        2,
        3,
        2,
        3,
        2,
        3,
        2,
        3,
        2,
        3,
        2,
        2,
        2,
        3,
        2,
        3,
        2,
        3,
        2,
        2,
        3,
        2,
        2,
        2,
        2,
        3,
        3,
        2,
        2,
        2,
        2,
        2,
        3,
        2,
        2,
        1,
        2,
        2,
        3,
        2,
        3,
        2,
        3,
        3,
        2,
        2,
        2,
        3,
        2,
        2,
        1,
        2,
        2,
        3,
        2,
        2,
        3,
        2,
        3,
        3,
        2,
        3,
        2,
        3,
        2,
        3,
        3,
        3,
        2,
        2,
        2,
        2,
        2,
        2,
        3,
        2,
        1,
        1,
        3,
        3,
        3,
        3,
        2,
        2,
        2,
        2,
        3,
        3,
        2,
        3,
        2,
        2,
        2,
        2,
        2,
        3,
        3,
        2,
        2,
        2,
        3,
        2,
        2,
        1,
        3,
        2,
        2,
        3,
        3,
        3,
        2,
        3,
        3,
        2,
        2,
        2,
        3,
        2,
        2,
        2,
        2,
        3,
        2,
        3,
        2,
        2,
        2,
        2,
        3,
        2,
        2,
        2,
        3,
        3,
        3,
        3,
        2,
        3,
        2,
        2,
        2,
        3,
        1,
        2,
        2,
        2,
        3,
        2,
        2,
        2,
        3,
        2,
        3,
        2,
        2,
        2,
        3,
        2,
        2,
        2,
        2,
        2,
        3,
        3,
        2,
        2,
        2,
        1,
        3,
        2,
        2,
        2,
        3,
        2,
        2,
        2,
        3,
        3,
        3,
        3,
        2,
        2,
        3,
        3,
        2,
        3,
        2,
        2,
        2,
        3,
        2,
        2,
        2,
        3,
        2,
        3,
        3,
        3,
        2,
        2,
        3,
        3,
        3,
        2,
        3,
        3,
        3,
        2,
        3,
        1,
        3,
        2,
        2,
        3,
        2,
        2,
        3,
        2,
        2,
        3,
        2,
        3,
        3,
        1,
        2,
        3,
        3,
        3,
        2,
        3,
        2,
        3,
        3,
        3,
        3,
        3,
        2,
        2,
        3,
        3,
        2,
        3,
        2,
        2,
        2,
        2,
        2,
        3,
        2,
        3,
        2,
        2,
        2,
        3,
        2,
        3,
        3,
        2,
        2,
        2,
        3,
        2,
        2,
        2,
        3,
        2,
        2,
        2,
        3,
        2,
        3,
        3,
        2,
        3,
        2,
        1,
        3,
        2,
        2,
        2,
        2,
        3,
        2,
        2,
        3,
        3,
        2,
        2,
        2,
        2,
        1,
        3,
        2,
        3,
        2,
        3,
        2,
        2,
        3,
        2,
        3,
        2,
        2,
        2,
        2,
        2,
        3,
        3,
        2,
        2,
        2,
        2,
        3,
        2,
        3,
        3,
        2,
        3,
        2,
        3,
        3,
        2,
        2,
        2,
        3,
        3,
        3,
        2,
        2,
        2,
        3,
        3,
        2,
        3,
        2,
        2,
        3,
        2,
        2,
        2,
        2,
        2,
        2,
        3,
        3,
        2,
        3,
        2,
        2,
        2,
        3,
        2,
        3,
        3,
        3,
        2,
        3,
        3,
        2,
        3,
        3,
        2,
        3,
        2,
        2,
        3,
        3,
        2,
        2,
        2,
        1,
        2,
        2,
        2,
        2,
        3,
        2,
        3,
        2,
        2,
        3,
        3,
        2,
        2,
        2,
        3,
        2,
        2,
        3,
        3,
        2,
        3,
        2,
        2,
        3,
        3,
        3,
        2,
        2,
        1,
        3,
        3,
        2,
        2,
        2,
        2,
        3,
        3,
        2,
        2,
        2,
        2,
        2,
        1,
        3,
        2,
        2,
        2,
        3,
        3,
        2,
        2,
        2,
        2,
        3,
        2,
        2,
        2,
        2,
        2,
        3,
        3,
        2,
        3,
        2,
        3,
        2,
        3,
        3,
        3,
        2,
        2,
        2,
        2,
        2,
        2,
        2,
        2,
        1,
        2,
        3,
        2,
        2,
        3,
        3,
        2,
        2,
        2,
        2,
        2,
        2,
        3,
        2,
        2,
        3,
        2,
        2,
        2,
        2,
        3,
        2,
        2,
        2,
        2,
        3,
        2,
        2,
        3,
        2,
        2,
        2,
        3,
        3,
        3,
        2,
        1,
        2,
        2,
        2,
        2,
        2,
        3,
        2,
        3,
        2,
        2,
        3,
        2,
        2,
        3,
        3,
        2,
        2,
        2,
        2,
        3,
        2,
        2,
        2,
        2,
        3,
        2,
        2,
        3,
        2,
        2,
        3,
        1,
        3,
        3,
        3,
        2,
        3,
        3,
        3,
        2,
        2,
        2,
        2,
        2,
        3,
        3,
        2,
        2,
        3,
        3,
        2,
        3,
        2,
        3,
        3,
        2,
        3,
        2,
        3,
        3,
        3,
        2,
        3,
        2,
        2,
        2,
        2,
        3,
        3,
        3,
        2,
        2,
        3,
        3,
        3,
        3,
        2,
        1,
        3,
        1,
        2,
        3,
        2,
        2,
        1,
        3,
        3,
        3,
        3,
        2,
        3,
        2,
        2,
        3,
        3,
        2,
        2,
        2,
        2,
        2,
        3,
        2,
        2,
        2,
        2,
        3,
        2,
        3,
        3,
        3,
        2,
        3,
        3,
        2,
        2,
        2,
        2,
        3,
        2,
        2,
        2,
        2,
        2,
        3,
        2,
        2,
        3,
        3,
        2,
        3,
        3,
        2,
        2,
        2,
        2,
        3,
        2,
        2,
        3,
        3,
        2,
        2,
        3,
        2,
        2,
        3,
        2,
        1,
        3,
        2,
        2,
        2,
        2,
        2,
        2,
        3,
        2,
        2,
        2,
        2,
        3,
        2,
        3,
        3,
        3,
        2,
        3,
        3,
        2,
        3,
        3,
        3,
        2,
        2,
        3,
        2,
        2,
        3,
        2,
        2,
        2,
        2,
        2,
        2,
        2,
        2,
        2,
        2,
        1,
        3,
        3,
        2,
        3,
        2,
        2,
        2,
        2,
        2,
        2,
        2,
        2,
        3,
        3,
        2,
        2,
        2,
        2,
        3,
        2,
        2,
        3,
        2,
        2,
        1,
        3,
        2,
        2,
        2,
        3,
        3,
        3,
        2,
        3,
        2,
        2,
        3,
        2,
        2,
        2,
        2,
        2,
        2,
        2,
        2,
        2,
        2,
        2,
        2,
        3,
        2,
        2,
        3,
        3,
        2,
        2,
        3,
        3,
        2,
        3,
        2,
        2,
        3,
        3,
        2,
        2,
        2,
        3,
        3,
        1,
        2,
        3,
        3,
        2,
        2,
        3,
        2,
        2,
        3,
        3,
        3,
        2,
        2,
        2,
        2,
        2,
        3,
        2,
        2,
        2,
        3,
        3,
        3,
        2,
        2,
        2,
        2,
        2,
        2,
        2,
        3,
        2,
        2,
        2,
        2,
        3,
        2,
        3,
        2,
        2,
        3,
        2,
        2,
        3,
        3,
        1,
        2,
        2,
        3,
        3,
        3,
        2,
        2,
        2,
        3,
        3,
        2,
        3,
        3,
        1,
        3,
        3,
        3,
        2,
        2,
        3,
        2,
        3,
        2,
        2,
        3,
        2,
        1,
        3,
        2,
        2,
        3,
        2,
        2,
        3,
        2,
        3,
        2,
        3,
        2,
        2,
        3,
        3,
        2,
        3,
        3,
        3,
        3,
        2,
        2,
        3,
        2,
        2,
        2,
        2,
        3,
        2,
        2,
        2,
        2,
        2,
        3,
        2,
        2,
        2,
        2,
        2,
        2,
        3,
        3,
        1,
        2,
        2,
        2,
        3,
        3,
        3,
        2,
        3,
        2,
        2,
        2,
        3,
        3,
        3,
        2,
        3,
        1,
        1,
        2,
        3,
        2,
        3,
        2,
        2,
        3,
        3,
        3,
        2,
        2,
        2,
        2,
        2,
        3,
        2,
        3,
        2,
        2,
        2,
        3,
        3,
        2,
        2,
        3,
        2,
        2,
        1,
        2,
        2,
        3,
        2,
        3,
        2,
        2,
        2,
        3,
        3,
        2,
        3,
        3,
        3,
        2,
        3,
        2,
        2,
        3,
        3,
        2,
        2,
        3,
        1,
        2,
        2,
        2,
        3,
        3,
        2,
        2,
        1,
        3,
        2,
        2,
        2,
        3,
        2,
        2,
        2,
        3,
        2,
        2,
        3,
        2,
        3,
        2,
        2,
        2,
        2,
        3,
        1,
        3,
        2,
        2,
        1,
        3,
        3,
        2,
        2,
        2,
        2,
        2,
        3,
        2,
        2,
        2,
        2,
        3,
        3,
        2,
        2,
        2,
        2,
        3,
        1,
        3,
        3,
        2,
        3,
        2,
        3,
        2,
        3,
        3,
        3,
        3,
        3,
        3,
        3,
        2,
        2,
        3,
        2,
        2,
        3,
        2,
        2,
        2,
        3,
        2,
        2,
        2,
        2,
        2,
        2,
        2,
        2,
        2,
        3,
        2,
        2,
        2,
        2,
        3,
        3,
        2,
        3,
        3,
        2,
        3,
        2,
        2,
        2,
        3,
        2,
        3,
        2,
        2,
        3,
        2,
        2,
        2,
        2,
        1,
        2,
        2,
        3,
        2,
        3,
        3,
        2,
        2,
        2,
        2,
        3,
        3,
        3,
        3,
        2,
        2,
        2,
        2,
        3,
        3,
        3,
        2,
        3,
        3,
        2,
        2,
        2,
        2,
        2,
        2,
        2,
        2,
        3,
        2,
        3,
        2,
        2,
        2,
        3,
        3,
        2,
        2,
        3,
        2,
        2,
        2,
        2,
        2,
        2,
        3,
        3,
        2,
        3,
        3,
        2,
        3,
        2,
        2,
        3,
        1,
        3,
        2,
        2,
        2,
        2,
        3,
        2,
        3,
        2,
        2,
        2,
        2,
        1,
        2,
        2,
        3,
        2,
        3,
        3,
        1,
        3,
        2,
        2,
        2,
        2,
        3,
        2,
        2,
        2,
        3,
        2,
        2,
        3,
        3,
        3,
        2,
        2,
        3,
        1,
        3,
        3,
        2,
        2,
        3,
        3,
        3,
        3,
        3,
        2,
        2,
        2,
        2,
        2,
        2,
        3,
        2,
        2,
        2,
        2,
        3,
        2,
        2,
        2,
        2,
        3,
        2,
        2,
        3,
        2,
        2,
        2,
        3,
        3,
        2,
        2,
        1,
        3,
        2,
        3,
        2,
        2,
        2,
        3,
        2,
        3,
        2,
        2,
        2,
        3,
        2,
        2,
        2,
        3,
        2,
        3,
        3,
        2,
        2,
        2,
        2,
        3,
        2,
        2,
        1,
        3,
        3,
        2,
        2,
        3,
        2,
        2,
        2,
        2,
        2,
        3,
        2,
        3,
        3,
        1,
        2,
        3,
        2,
        3,
        2,
        2,
        2,
        3,
        2,
        1,
        3,
        2,
        3,
        3,
        2,
        2,
        2,
        2,
        2,
        2,
        3,
        2,
        3,
        3,
        3,
        3,
        2,
        2,
        2,
        1,
        2,
        3,
        2,
        2,
        3,
        2,
        2,
        2,
        3,
        2,
        2,
        2,
        2,
        2,
        2,
        2,
        2,
        2,
        3,
        2,
        2,
        2,
        3,
        2,
        2,
        2,
        2,
        3,
        3,
        2,
        2,
        3,
        2,
        2,
        3,
        3,
        3,
        2,
        2,
        2,
        2,
        2,
        3,
        2,
        2,
        3,
        2,
        3,
        2,
        2,
        3,
        3,
        2,
        3,
        2,
        2,
        3,
        3,
        3,
        2,
        3,
        2,
        3,
        2,
        2,
        2,
        3,
        3,
        2,
        2,
        2,
        2,
        2,
        2,
        3,
        2,
        3,
        2,
        3,
        2,
        2,
        3,
        3,
        2,
        2,
        2,
        2,
        2,
        2,
        2,
        2,
        2,
        2,
        2,
        3,
        2,
        3,
        2,
        2,
        3,
        3,
        3,
        3,
        2,
        2,
        2,
        3,
        2,
        3,
        3,
        2,
        2,
        3,
        3,
        2,
        2,
        3,
        2,
        2,
        2,
        2,
        2,
        2,
        3,
        3,
        2,
        3,
        3,
        2,
        2,
        3,
        3,
        3,
        3,
        2,
        1,
        3,
        3,
        2,
        2,
        2,
        2,
        2,
        3,
        2,
        3,
        2,
        2,
        2,
        3,
        3,
        2,
        2
      ],
      "sub_cluster_map": [
        1,
        1,
        2,
        1,
        0,
        0,
        3,
        1,
        2,
        0,
        3,
        2,
        2,
        0,
        0,
        3,
        1,
        0,
        2,
        3,
        1,
        2,
        2,
        1,
        1,
        2,
        1,
        3,
        2,
        0,
        1,
        3,
        1,
        1,
        1,
        2,
        1,
        3,
        0,
        2,
        0,
        1,
        1,
        3,
        2,
        1,
        2,
        0,
        0,
        0,
        3,
        0,
        0,
        2,
        1,
        0,
        2,
        3,
        1,
        0,
        0,
        0,
        1,
        3,
        1,
        3,
        3,
        1,
        3,
        1,
        2,
        0,
        0,
        0,
        0,
        0,
        1,
        3,
        2,
        3,
        1,
        0,
        2,
        3,
        1,
        1,
        3,
        2,
        1,
        2,
        3,
        0,
        1,
        0,
        3,
        0,
        2,
        3,
        1,
        2,
        1,
        0,
        3,
        2,
        2,
        0,
        3,
        1,
        2,
        3,
        1,
        1,
        3,
        0,
        1,
        2,
        0,
        1,
        0,
        1,
        0,
        2,
        1,
        2,
        1,
        1,
        3,
        0,
        1,
        3,
        1,
        0,
        2,
        0,
        3,
        3,
        2,
        2,
        2,
        2,
        0,
        0,
        0,
        3,
        1,
        1,
        0,
        2,
        3,
        0,
        1,
        3,
        0,
        3,
        0,
        2,
        1,
        0,
        0,
        1,
        3,
        3,
        3,
        1,
        2,
        1,
        3,
        3,
        1,
        2,
        3,
        2,
        0,
        3,
        1,
        0,
        3,
        0,
        0,
        3,
        3,
        3,
        2,
        0,
        3,
        1,
        2,
        0,
        2,
        0,
        1,
        1,
        2,
        0,
        1,
        0,
        0,
        0,
        3,
        1,
        1,
        1,
        3,
        3,
        1,
        1,
        3,
        3,
        0,
        1,
        1,
        1,
        2,
        3,
        0,
        1,
        2,
        3,
        1,
        0,
        1,
        2,
        2,
        0,
        1,
        1,
        1,
        2,
        1,
        2,
        0,
        1,
        1,
        0,
        1,
        1,
        0,
        1,
        0,
        1,
        1,
        3,
        1,
        2,
        0,
        2,
        3,
        1,
        3,
        0,
        3,
        0,
        1,
        3,
        3,
        3,
        2,
        2,
        2,
        0,
        1,
        1,
        2,
        1,
        2,
        1,
        2,
        0,
        3,
        0,
        2,
        1,
        0,
        2,
        2,
        1,
        3,
        3,
        0,
        3,
        0,
        1,
        1,
        1,
        1,
        1,
        1,
        3,
        2,
        1,
        0,
        3,
        1,
        0,
        0,
        3,
        1,
        2,
        1,
        0,
        3,
        0,
        3,
        0,
        0,
        0,
        3,
        2,
        0,
        0,
        3,
        2,
        0,
        1,
        1,
        3,
        2,
        2,
        1,
        2,
        3,
        1,
        2,
        3,
        3,
        3,
        0,
        3,
        3,
        1,
        1,
        3,
        1,
        0,
        3,
        1,
        3,
        0,
        1,
        2,
        2,
        3,
        3,
        1,
        1,
        0,
        3,
        3,
        2,
        3,
        0,
        1,
        2,
        1,
        0,
        0,
        1,
        2,
        1,
        1,
        0,
        3,
        0,
        3,
        2,
        2,
        2,
        1,
        2,
        2,
        0,
        2,
        0,
        3,
        3,
        0,
        2,
        3,
        0,
        0,
        1,
        3,
        2,
        3,
        3,
        0,
        3,
        2,
        3,
        1,
        0,
        2,
        1,
        3,
        3,
        3,
        1,
        1,
        3,
        1,
        3,
        0,
        0,
        1,
        2,
        2,
        3,
        1,
        2,
        0,
        2,
        3,
        3,
        3,
        2,
        0,
        0,
        1,
        2,
        1,
        2,
        1,
        2,
        2,
        1,
        2,
        1,
        0,
        1,
        0,
        2,
        1,
        0,
        3,
        2,
        0,
        3,
        1,
        0,
        1,
        3,
        0,
        2,
        3,
        3,
        2,
        1,
        0,
        3,
        1,
        0,
        0,
        0,
        2,
        1,
        3,
        1,
        3,
        0,
        1,
        2,
        0,
        2,
        3,
        0,
        2,
        0,
        3,
        0,
        0,
        0,
        2,
        2,
        2,
        1,
        3,
        2,
        3,
        2,
        3,
        0,
        1,
        1,
        2,
        3,
        1,
        2,
        1,
        1,
        0,
        0,
        1,
        3,
        1,
        0,
        3,
        0,
        2,
        3,
        3,
        3,
        1,
        1,
        1,
        3,
        0,
        0,
        2,
        0,
        1,
        2,
        2,
        2,
        2,
        1,
        1,
        2,
        2,
        0,
        0,
        3,
        2,
        1,
        3,
        3,
        2,
        3,
        1,
        1,
        3,
        0,
        3,
        2,
        1,
        0,
        1,
        1,
        1,
        0,
        1,
        3,
        0,
        2,
        0,
        3,
        3,
        1,
        2,
        1,
        1,
        3,
        3,
        2,
        1,
        2,
        0,
        1,
        3,
        1,
        0,
        1,
        2,
        3,
        3,
        2,
        2,
        3,
        1,
        0,
        0,
        2,
        1,
        2,
        1,
        2,
        1,
        2,
        3,
        3,
        3,
        2,
        2,
        2,
        0,
        0,
        0,
        0,
        1,
        3,
        0,
        0,
        1,
        1,
        1,
        3,
        2,
        1,
        1,
        3,
        1,
        1,
        2,
        0,
        2,
        2,
        3,
        1,
        3,
        3,
        3,
        2,
        1,
        0,
        1,
        3,
        0,
        0,
        1,
        2,
        2,
        2,
        0,
        2,
        3,
        1,
        3,
        0,
        0,
        1,
        1,
        0,
        1,
        3,
        0,
        0,
        2,
        3,
        2,
        3,
        3,
        2,
        3,
        0,
        0,
        1,
        2,
        2,
        1,
        2,
        1,
        2,
        3,
        1,
        1,
        0,
        0,
        1,
        0,
        0,
        1,
        3,
        0,
        1,
        3,
        1,
        1,
        0,
        2,
        3,
        1,
        3,
        1,
        0,
        3,
        2,
        3,
        2,
        0,
        2,
        3,
        1,
        3,
        3,
        2,
        1,
        2,
        0,
        1,
        1,
        0,
        1,
        1,
        2,
        0,
        3,
        3,
        2,
        2,
        3,
        2,
        0,
        1,
        3,
        2,
        0,
        1,
        0,
        1,
        1,
        0,
        0,
        0,
        1,
        1,
        3,
        3,
        0,
        0,
        2,
        3,
        3,
        3,
        3,
        3,
        0,
        2,
        1,
        0,
        2,
        1,
        0,
        2,
        1,
        0,
        0,
        3,
        3,
        2,
        1,
        3,
        1,
        0,
        0,
        2,
        0,
        1,
        1,
        1,
        3,
        1,
        2,
        1,
        3,
        3,
        2,
        3,
        3,
        1,
        0,
        1,
        0,
        3,
        2,
        1,
        0,
        2,
        2,
        2,
        2,
        2,
        2,
        2,
        3,
        3,
        3,
        3,
        1,
        1,
        2,
        1,
        2,
        0,
        3,
        2,
        1,
        1,
        2,
        2,
        0,
        0,
        1,
        2,
        3,
        3,
        2,
        0,
        1,
        0,
        0,
        1,
        0,
        2,
        3,
        3,
        1,
        2,
        3,
        3,
        1,
        1,
        0,
        0,
        1,
        0,
        1,
        2,
        1,
        2,
        3,
        1,
        0,
        2,
        1,
        3,
        3,
        3,
        1,
        0,
        0,
        0,
        1,
        1,
        1,
        0,
        2,
        3,
        2,
        2,
        3,
        2,
        2,
        2,
        2,
        3,
        0,
        1,
        3,
        3,
        2,
        3,
        1,
        2,
        2,
        1,
        1,
        0,
        1,
        3,
        1,
        2,
        1,
        2,
        3,
        0,
        2,
        2,
        3,
        0,
        0,
        2,
        3,
        0,
        2,
        3,
        0,
        0,
        1,
        2,
        1,
        3,
        3,
        3,
        1,
        3,
        1,
        0,
        3,
        3,
        3,
        1,
        2,
        3,
        2,
        3,
        2,
        0,
        3,
        2,
        0,
        2,
        1,
        1,
        2,
        2,
        2,
        1,
        3,
        0,
        1,
        1,
        0,
        2,
        2,
        1,
        1,
        3,
        0,
        1,
        2,
        1,
        2,
        0,
        1,
        3,
        3,
        2,
        1,
        2,
        0,
        3,
        2,
        3,
        3,
        3,
        2,
        2,
        0,
        3,
        0,
        0,
        0,
        2,
        2,
        1,
        3,
        0,
        3,
        3,
        2,
        0,
        3,
        1,
        3,
        3,
        3,
        2,
        2,
        3,
        0,
        1,
        2,
        2,
        2,
        0,
        0,
        1,
        0,
        0,
        2,
        2,
        0,
        2,
        3,
        2,
        3,
        2,
        2,
        0,
        2,
        1,
        0,
        0,
        0,
        1,
        2,
        2,
        3,
        2,
        1,
        1,
        3,
        3,
        0,
        3,
        1,
        0,
        0,
        0,
        3,
        1,
        3,
        0,
        1,
        1,
        0,
        3,
        1,
        0,
        1,
        2,
        0,
        0,
        3,
        3,
        2,
        3,
        2,
        3,
        1,
        0,
        1,
        1,
        3,
        3,
        0,
        2,
        0,
        3,
        1,
        2,
        2,
        0,
        2,
        3,
        0,
        3,
        0,
        2,
        2,
        0,
        3,
        1,
        3,
        3,
        1,
        0,
        0,
        1,
        2,
        3,
        3,
        1,
        3,
        3,
        0,
        2,
        3,
        3,
        2,
        2,
        0,
        3,
        2,
        2,
        1,
        3,
        1,
        1,
        2,
        0,
        3,
        2,
        1,
        0,
        2,
        2,
        1,
        2,
        1,
        1,
        2,
        1,
        2,
        3,
        0,
        1,
        1,
        0,
        3,
        2,
        1,
        0,
        0,
        0,
        1,
        1,
        3,
        0,
        3,
        1,
        1,
        0,
        3,
        2,
        0,
        0,
        0,
        3,
        3,
        3,
        0,
        1,
        3,
        3,
        1,
        3,
        1,
        0,
        0,
        0,
        1,
        3,
        2,
        1,
        1,
        3,
        1,
        2,
        0,
        0,
        2,
        2,
        0,
        3,
        1,
        1,
        0,
        1,
        0,
        3,
        0,
        1,
        2,
        0,
        2,
        2,
        3,
        2,
        1,
        2,
        0,
        1,
        0,
        1,
        0,
        2,
        3,
        0,
        3,
        1,
        0,
        2,
        0,
        3,
        3,
        3,
        3,
        1,
        3,
        0,
        1,
        3,
        1,
        2,
        0,
        3,
        2,
        0,
        3,
        3,
        2,
        2,
        0,
        1,
        2,
        0,
        2,
        0,
        3,
        2,
        3,
        3,
        0,
        0,
        3,
        2,
        1,
        3,
        0,
        0,
        3,
        2,
        2,
        1,
        1,
        3,
        0,
        3,
        1,
        1,
        2,
        2,
        2,
        2,
        0,
        1,
        2,
        2,
        2,
        1,
        3,
        3,
        2,
        1,
        3,
        0,
        2,
        1,
        0,
        0,
        3,
        0,
        3,
        2,
        1,
        1,
        0,
        1,
        0,
        1,
        3,
        3,
        1,
        3,
        3,
        2,
        3,
        3,
        0,
        1,
        0,
        1,
        3,
        0,
        0,
        1,
        0,
        1,
        2,
        1,
        2,
        1,
        0,
        0,
        3,
        0,
        3,
        0,
        3,
        3,
        1,
        3,
        2,
        3,
        3,
        1,
        0,
        1,
        2,
        1,
        1,
        3,
        3,
        3,
        2,
        3,
        3,
        2,
        3,
        3,
        2,
        0,
        0,
        3,
        1,
        2,
        2,
        3,
        3,
        2,
        0,
        0,
        2,
        3,
        0,
        0,
        1,
        0,
        3,
        0,
        0,
        2,
        0,
        2,
        1,
        0,
        1,
        3,
        3,
        2,
        3,
        2,
        3,
        1,
        3,
        2,
        1,
        3,
        2,
        1,
        1,
        1,
        3,
        1,
        3,
        1,
        2,
        1,
        0,
        3,
        2,
        3,
        0,
        1,
        2,
        1,
        2,
        2,
        1,
        2,
        2,
        2,
        3,
        3,
        2,
        0,
        3,
        1,
        3,
        3,
        1,
        1,
        1,
        1,
        2,
        2,
        2,
        2,
        1,
        2,
        3,
        1,
        1,
        0,
        0,
        2,
        3,
        3,
        2,
        3,
        2,
        1,
        0,
        1,
        2,
        0,
        3,
        2,
        1,
        3,
        3,
        0,
        1,
        1,
        1,
        1,
        2,
        1,
        2,
        2,
        3,
        2,
        1,
        0,
        0,
        0,
        2,
        0,
        0,
        1,
        3,
        2,
        3,
        1,
        0,
        1,
        3,
        3,
        2,
        0,
        2,
        1,
        0,
        2,
        0,
        0,
        3,
        1,
        3,
        1,
        3,
        1,
        2,
        1,
        1,
        1,
        0,
        0,
        0,
        2,
        1,
        2,
        2,
        3,
        1,
        2,
        3,
        3,
        3,
        3,
        3,
        0,
        3,
        1,
        3,
        3,
        3,
        0,
        0,
        3,
        0,
        1,
        1,
        0,
        2,
        0,
        0,
        2,
        3,
        2,
        2,
        2,
        3,
        2,
        1,
        0,
        3,
        2,
        0,
        1,
        0,
        1,
        3,
        3,
        3,
        3,
        0,
        0,
        0,
        2,
        1,
        0,
        3,
        3,
        1,
        2,
        3,
        1,
        0,
        0,
        2,
        3,
        2,
        3,
        2,
        3,
        2,
        1,
        1,
        1,
        0,
        1,
        0,
        1,
        1,
        2,
        0,
        0,
        3,
        2,
        0,
        2,
        1,
        0,
        2,
        0,
        3,
        0,
        0,
        2,
        3,
        2,
        2,
        0,
        2,
        3,
        1,
        0,
        2,
        1,
        0,
        3,
        3,
        2,
        3,
        1,
        3,
        3,
        3,
        3,
        3,
        3,
        0,
        1,
        3,
        2,
        1,
        1,
        1,
        0,
        1,
        2,
        0,
        3,
        0,
        1,
        0,
        1,
        1,
        0,
        2,
        3,
        1,
        0,
        2,
        2,
        1,
        1,
        0,
        3,
        0,
        1,
        3,
        2,
        0,
        1,
        3,
        2,
        0,
        3,
        1,
        0,
        1,
        2,
        1,
        3,
        1,
        1,
        0,
        0,
        2,
        3,
        2,
        0,
        2,
        2,
        3,
        0,
        0,
        2,
        3,
        1,
        0,
        2,
        0,
        3,
        0,
        2,
        1,
        2,
        1,
        1,
        1,
        1,
        3,
        3,
        2,
        1,
        3,
        1,
        3,
        2,
        1,
        1,
        0,
        2,
        3,
        1,
        2,
        0,
        0,
        3,
        2,
        1,
        0,
        3,
        0,
        1,
        3,
        2,
        2,
        1,
        3,
        3,
        3,
        2,
        2,
        0,
        2,
        2,
        0,
        0,
        3,
        0,
        2,
        2,
        3,
        0,
        3,
        2,
        0,
        0,
        3,
        3,
        1,
        1,
        1,
        2,
        3,
        0,
        2,
        0,
        3,
        0,
        3,
        3,
        1,
        1,
        1,
        0,
        3,
        2,
        3,
        0,
        1,
        0,
        3,
        3,
        1,
        0,
        2,
        3,
        0,
        1,
        2,
        1,
        0,
        1,
        2,
        0,
        2,
        2,
        1,
        3,
        0,
        1,
        0,
        3,
        2,
        3,
        0,
        3,
        2,
        1,
        1,
        0,
        2,
        2,
        2,
        0,
        3,
        1,
        2,
        3,
        1,
        0,
        0,
        3,
        1,
        0,
        2,
        3,
        1,
        3,
        3,
        2,
        0,
        1,
        1,
        1,
        1,
        1,
        3,
        0,
        1,
        1,
        3,
        1,
        1,
        2,
        0,
        1,
        0,
        2,
        1,
        2,
        1,
        0,
        1,
        0,
        0,
        2,
        3,
        3,
        1,
        3,
        1,
        3,
        1,
        1,
        2,
        2,
        0,
        2,
        0,
        2,
        2,
        2,
        1,
        1,
        0,
        2,
        3,
        2,
        2,
        2,
        1,
        3,
        2,
        2,
        3,
        3,
        3,
        1,
        1,
        0,
        0,
        3,
        1,
        0,
        3,
        0,
        1,
        0,
        2,
        3,
        1,
        3,
        0,
        2,
        0,
        1,
        1,
        2,
        1,
        1,
        1,
        0,
        2,
        1,
        0,
        1,
        0,
        2,
        3,
        0,
        1,
        0,
        3,
        3,
        2,
        0,
        2,
        1,
        3,
        0,
        3,
        1,
        0,
        1,
        1,
        2,
        0,
        2,
        0,
        3,
        3,
        0,
        3,
        0,
        1,
        2,
        1,
        2,
        3,
        1,
        2,
        0,
        2,
        3,
        3,
        3,
        3,
        1,
        1,
        1,
        3,
        0,
        2,
        1,
        0,
        2,
        1,
        1,
        2,
        1,
        3,
        2,
        0,
        1,
        0,
        0,
        1,
        0,
        0,
        1,
        0,
        2,
        1,
        2,
        0,
        3,
        1,
        2,
        3,
        2,
        1,
        3,
        1,
        2,
        3,
        2,
        2,
        3,
        3,
        1,
        1,
        2,
        3,
        1,
        0,
        2,
        2,
        1,
        0,
        1,
        1,
        0,
        2,
        3,
        2,
        0,
        1,
        1,
        2,
        0,
        1,
        0,
        2,
        2,
        3,
        2,
        3,
        3,
        2,
        2,
        0,
        3,
        0,
        2,
        2,
        3,
        2,
        3,
        3,
        2,
        2,
        3,
        0,
        3,
        1,
        3,
        2,
        1,
        2,
        2,
        1,
        2,
        3,
        1,
        2,
        1,
        3,
        0,
        3,
        3,
        0,
        3,
        3,
        3,
        2,
        2,
        0,
        3,
        2,
        1,
        3,
        1,
        0,
        3,
        2,
        0,
        2,
        1,
        1,
        1,
        0,
        1,
        3,
        3,
        3,
        0,
        2,
        0,
        0,
        1,
        0,
        3,
        1,
        1,
        1,
        2,
        1,
        3,
        3,
        2,
        1,
        0,
        1,
        2,
        0,
        3,
        3,
        1,
        2,
        1,
        2,
        3,
        1,
        1,
        1,
        1,
        1,
        0,
        2,
        0,
        3,
        2,
        0,
        3,
        0,
        1,
        0,
        2,
        2,
        1,
        2,
        0,
        2,
        2,
        2,
        1,
        3,
        3,
        1,
        0,
        0,
        1,
        1,
        3,
        3,
        2,
        0,
        2,
        1,
        1,
        2,
        1,
        0,
        2,
        2,
        2,
        3,
        2,
        3,
        3,
        0,
        0,
        1,
        0,
        0,
        2,
        0,
        1,
        1,
        0,
        1,
        1,
        2,
        3,
        1,
        2,
        0,
        0,
        2,
        0,
        0,
        1,
        3,
        2,
        2,
        3,
        2,
        2,
        0,
        2,
        0,
        2,
        0,
        3,
        3,
        1,
        3,
        0,
        1,
        0,
        0,
        1,
        2,
        1,
        2,
        1,
        2,
        0,
        2,
        0,
        3,
        1,
        2,
        3,
        1,
        3,
        1,
        3,
        0,
        2,
        2,
        0,
        3,
        3,
        2,
        1,
        2,
        3,
        3,
        3,
        3,
        0,
        2,
        1,
        1,
        1,
        3,
        3,
        3,
        2,
        3,
        1,
        2,
        0,
        2,
        2,
        2,
        2,
        1,
        2,
        0,
        2,
        3,
        0,
        1,
        2,
        2,
        0,
        1,
        3,
        1,
        0,
        0,
        2,
        1,
        2,
        3,
        3,
        0,
        0,
        0,
        0,
        2,
        3,
        0,
        0,
        2,
        2,
        1,
        0,
        0,
        2,
        1,
        0,
        1,
        0,
        3,
        0,
        2,
        0,
        0,
        1,
        3,
        2,
        0,
        2,
        0,
        0,
        1,
        0,
        0,
        3,
        2,
        3,
        0,
        1,
        3,
        0,
        3,
        0,
        0,
        3,
        1,
        0,
        0,
        3,
        2,
        3,
        2,
        3,
        0,
        2,
        2,
        2,
        2,
        2,
        3,
        3,
        1,
        1,
        0,
        3,
        0,
        3,
        0,
        1,
        2,
        0,
        2,
        0,
        3,
        0,
        3,
        0,
        0,
        1,
        0,
        1,
        1,
        1,
        2,
        2,
        2,
        0,
        1,
        1,
        3,
        3,
        3,
        1,
        1,
        3,
        3,
        1,
        1,
        3,
        2,
        3,
        0,
        2,
        0,
        1,
        1,
        3,
        0,
        1,
        2,
        3,
        3,
        1,
        1,
        2,
        3,
        2,
        3,
        0,
        2,
        2,
        0,
        2,
        1,
        0,
        0,
        3,
        3,
        1,
        3,
        1,
        1,
        3,
        0,
        1,
        0,
        0,
        0,
        3,
        2,
        0,
        2,
        3,
        3,
        3,
        1,
        0,
        1,
        0,
        1,
        1,
        2,
        3,
        0,
        0,
        1,
        0,
        2,
        3,
        3,
        2,
        0,
        1,
        2,
        1
      ],
      "sparsity": 2.6282900099240114e-05
    }
  }
}